Time,CO2,Humidity,Temperature,Device Name
24/3/2024 12:00,441 ppm,76.9 %H,24.9 °C,AM319 Sensor 1
24/3/2024 11:00,441 ppm,77 %H,24.8 °C,AM319 Sensor 1
24/3/2024 10:00,440 ppm,77 %H,24.7 °C,AM319 Sensor 1
24/3/2024 9:00,442 ppm,77 %H,24.6 °C,AM319 Sensor 1
24/3/2024 8:00,445 ppm,77 %H,24.5 °C,AM319 Sensor 1
24/3/2024 7:00,450 ppm,77 %H,24.5 °C,AM319 Sensor 1
24/3/2024 6:00,454 ppm,77 %H,24.5 °C,AM319 Sensor 1
24/3/2024 5:00,459 ppm,77 %H,24.4 °C,AM319 Sensor 1
24/3/2024 4:00,469 ppm,77 %H,24.4 °C,AM319 Sensor 1
24/3/2024 3:00,472 ppm,77 %H,24.4 °C,AM319 Sensor 1
24/3/2024 2:00,485 ppm,77 %H,24.3 °C,AM319 Sensor 1
24/3/2024 1:00,488 ppm,77 %H,24.3 °C,AM319 Sensor 1
24/3/2024 0:00,503 ppm,77.2 %H,24.3 °C,AM319 Sensor 1
23/3/2024 23:00,505 ppm,77.5 %H,24.2 °C,AM319 Sensor 1
23/3/2024 22:00,509 ppm,77.5 %H,24.1 °C,AM319 Sensor 1
23/3/2024 21:00,509 ppm,77.8 %H,23.9 °C,AM319 Sensor 1
23/3/2024 20:00,504 ppm,78.3 %H,23.6 °C,AM319 Sensor 1
23/3/2024 19:00,505 ppm,78.3 %H,23.2 °C,AM319 Sensor 1
23/3/2024 18:00,506 ppm,77.5 %H,23.1 °C,AM319 Sensor 1
23/3/2024 17:00,499 ppm,77.2 %H,23.1 °C,AM319 Sensor 1
23/3/2024 16:00,487 ppm,77.1 %H,23.2 °C,AM319 Sensor 1
23/3/2024 15:00,481 ppm,76.8 %H,23.2 °C,AM319 Sensor 1
23/3/2024 14:00,475 ppm,77.3 %H,23.2 °C,AM319 Sensor 1
23/3/2024 13:00,473 ppm,77.8 %H,23.2 °C,AM319 Sensor 1
23/3/2024 12:00,466 ppm,77.8 %H,23.2 °C,AM319 Sensor 1
23/3/2024 11:00,460 ppm,77.9 %H,23.3 °C,AM319 Sensor 1
23/3/2024 10:00,461 ppm,77.7 %H,23.2 °C,AM319 Sensor 1
23/3/2024 9:00,474 ppm,77.1 %H,23.2 °C,AM319 Sensor 1
23/3/2024 8:00,481 ppm,75.3 %H,23.5 °C,AM319 Sensor 1
23/3/2024 7:00,487 ppm,76.5 %H,24.4 °C,AM319 Sensor 1
23/3/2024 6:00,487 ppm,76.5 %H,24.4 °C,AM319 Sensor 1
23/3/2024 5:00,498 ppm,76.5 %H,24.3 °C,AM319 Sensor 1
23/3/2024 4:00,511 ppm,76.5 %H,24.3 °C,AM319 Sensor 1
23/3/2024 3:00,518 ppm,76.5 %H,24.3 °C,AM319 Sensor 1
23/3/2024 2:00,524 ppm,76.5 %H,24.2 °C,AM319 Sensor 1
23/3/2024 1:00,535 ppm,76.8 %H,24.2 °C,AM319 Sensor 1
23/3/2024 0:00,543 ppm,77 %H,24.1 °C,AM319 Sensor 1
22/3/2024 23:00,549 ppm,77 %H,24.1 °C,AM319 Sensor 1
22/3/2024 22:00,557 ppm,77.5 %H,24.0 °C,AM319 Sensor 1
22/3/2024 21:00,564 ppm,77.7 %H,23.8 °C,AM319 Sensor 1
22/3/2024 20:00,569 ppm,78.2 %H,23.5 °C,AM319 Sensor 1
22/3/2024 19:00,582 ppm,78.5 %H,23.2 °C,AM319 Sensor 1
22/3/2024 18:00,602 ppm,78.3 %H,23.2 °C,AM319 Sensor 1
22/3/2024 17:00,621 ppm,78.2 %H,23.1 °C,AM319 Sensor 1
22/3/2024 16:00,634 ppm,77.6 %H,23.2 °C,AM319 Sensor 1
22/3/2024 15:00,659 ppm,77.5 %H,23.2 °C,AM319 Sensor 1
22/3/2024 14:00,705 ppm,77.4 %H,23.2 °C,AM319 Sensor 1
22/3/2024 13:00,771 ppm,77.5 %H,23.2 °C,AM319 Sensor 1
22/3/2024 12:00,861 ppm,77.7 %H,23.3 °C,AM319 Sensor 1
22/3/2024 11:00,825 ppm,77.8 %H,23.3 °C,AM319 Sensor 1
22/3/2024 10:00,753 ppm,77.3 %H,23.4 °C,AM319 Sensor 1
22/3/2024 9:00,648 ppm,77.2 %H,23.4 °C,AM319 Sensor 1
22/3/2024 8:00,557 ppm,76.8 %H,23.5 °C,AM319 Sensor 1
22/3/2024 7:00,571 ppm,77.5 %H,24.4 °C,AM319 Sensor 1
22/3/2024 6:00,585 ppm,77.5 %H,24.4 °C,AM319 Sensor 1
22/3/2024 5:00,598 ppm,77.5 %H,24.4 °C,AM319 Sensor 1
22/3/2024 4:00,614 ppm,77.5 %H,24.3 °C,AM319 Sensor 1
22/3/2024 3:00,630 ppm,77.5 %H,24.3 °C,AM319 Sensor 1
22/3/2024 2:00,650 ppm,77.5 %H,24.3 °C,AM319 Sensor 1
22/3/2024 1:00,672 ppm,77.5 %H,24.2 °C,AM319 Sensor 1
22/3/2024 0:00,691 ppm,77.5 %H,24.1 °C,AM319 Sensor 1
21/3/2024 23:00,716 ppm,77.5 %H,24.1 °C,AM319 Sensor 1
21/3/2024 22:00,733 ppm,77.5 %H,24.0 °C,AM319 Sensor 1
21/3/2024 21:00,759 ppm,77.5 %H,23.8 °C,AM319 Sensor 1
21/3/2024 20:00,788 ppm,77.9 %H,23.5 °C,AM319 Sensor 1
21/3/2024 19:00,863 ppm,78.3 %H,23.3 °C,AM319 Sensor 1
21/3/2024 18:00,963 ppm,77.8 %H,23.2 °C,AM319 Sensor 1
21/3/2024 17:00,1038 ppm,77.5 %H,23.3 °C,AM319 Sensor 1
21/3/2024 16:00,1123 ppm,77.1 %H,23.3 °C,AM319 Sensor 1
21/3/2024 15:00,1052 ppm,76.5 %H,23.3 °C,AM319 Sensor 1
21/3/2024 14:00,954 ppm,76 %H,23.2 °C,AM319 Sensor 1
21/3/2024 13:00,1063 ppm,74.9 %H,23.5 °C,AM319 Sensor 1
21/3/2024 12:00,1047 ppm,73.8 %H,23.7 °C,AM319 Sensor 1
21/3/2024 11:00,862 ppm,76.1 %H,23.4 °C,AM319 Sensor 1
21/3/2024 10:00,674 ppm,77.6 %H,23.3 °C,AM319 Sensor 1
21/3/2024 9:00,628 ppm,77.7 %H,23.4 °C,AM319 Sensor 1
21/3/2024 8:00,608 ppm,76.4 %H,23.8 °C,AM319 Sensor 1
21/3/2024 7:00,554 ppm,77.5 %H,24.5 °C,AM319 Sensor 1
21/3/2024 6:00,557 ppm,77.5 %H,24.5 °C,AM319 Sensor 1
21/3/2024 5:00,572 ppm,77.5 %H,24.4 °C,AM319 Sensor 1
21/3/2024 4:00,587 ppm,77.5 %H,24.4 °C,AM319 Sensor 1
21/3/2024 3:00,603 ppm,77.5 %H,24.3 °C,AM319 Sensor 1
21/3/2024 2:00,628 ppm,77.5 %H,24.3 °C,AM319 Sensor 1
21/3/2024 1:00,641 ppm,77.5 %H,24.3 °C,AM319 Sensor 1
21/3/2024 0:00,666 ppm,77.5 %H,24.2 °C,AM319 Sensor 1
20/3/2024 23:00,692 ppm,77.5 %H,24.1 °C,AM319 Sensor 1
20/3/2024 22:00,719 ppm,77.5 %H,24.0 °C,AM319 Sensor 1
20/3/2024 21:00,748 ppm,77.6 %H,23.8 °C,AM319 Sensor 1
20/3/2024 20:00,791 ppm,78 %H,23.5 °C,AM319 Sensor 1
20/3/2024 19:00,865 ppm,77.7 %H,23.1 °C,AM319 Sensor 1
20/3/2024 18:00,968 ppm,76.8 %H,23.2 °C,AM319 Sensor 1
20/3/2024 17:00,1022 ppm,76.3 %H,23.2 °C,AM319 Sensor 1
20/3/2024 16:00,1075 ppm,76.3 %H,23.2 °C,AM319 Sensor 1
20/3/2024 15:00,993 ppm,75.8 %H,23.2 °C,AM319 Sensor 1
20/3/2024 14:00,943 ppm,76.3 %H,23.2 °C,AM319 Sensor 1
20/3/2024 13:00,1032 ppm,76.2 %H,23.2 °C,AM319 Sensor 1
20/3/2024 12:00,1002 ppm,76.5 %H,23.3 °C,AM319 Sensor 1
20/3/2024 11:00,842 ppm,76.7 %H,23.3 °C,AM319 Sensor 1
20/3/2024 10:00,687 ppm,77.3 %H,23.4 °C,AM319 Sensor 1
20/3/2024 9:00,641 ppm,77.2 %H,23.3 °C,AM319 Sensor 1
20/3/2024 8:00,619 ppm,75.8 %H,23.7 °C,AM319 Sensor 1
20/3/2024 7:00,563 ppm,77.5 %H,24.5 °C,AM319 Sensor 1
20/3/2024 6:00,563 ppm,77.5 %H,24.5 °C,AM319 Sensor 1
20/3/2024 5:00,576 ppm,77.5 %H,24.4 °C,AM319 Sensor 1
20/3/2024 4:00,593 ppm,77.5 %H,24.4 °C,AM319 Sensor 1
20/3/2024 3:00,606 ppm,77.5 %H,24.4 °C,AM319 Sensor 1
20/3/2024 2:00,623 ppm,77.5 %H,24.3 °C,AM319 Sensor 1
20/3/2024 1:00,640 ppm,77.5 %H,24.3 °C,AM319 Sensor 1
20/3/2024 0:00,657 ppm,77.5 %H,24.2 °C,AM319 Sensor 1
19/3/2024 23:00,673 ppm,77.5 %H,24.1 °C,AM319 Sensor 1
19/3/2024 22:00,692 ppm,77.5 %H,24.0 °C,AM319 Sensor 1
19/3/2024 21:00,705 ppm,77.5 %H,23.8 °C,AM319 Sensor 1
19/3/2024 20:00,717 ppm,77.8 %H,23.4 °C,AM319 Sensor 1
19/3/2024 19:00,759 ppm,78.3 %H,23.2 °C,AM319 Sensor 1
19/3/2024 18:00,784 ppm,78 %H,23.3 °C,AM319 Sensor 1
19/3/2024 17:00,766 ppm,77.8 %H,23.2 °C,AM319 Sensor 1
19/3/2024 16:00,746 ppm,77.4 %H,23.2 °C,AM319 Sensor 1
19/3/2024 15:00,712 ppm,77.3 %H,23.3 °C,AM319 Sensor 1
19/3/2024 14:00,726 ppm,76.6 %H,23.2 °C,AM319 Sensor 1
19/3/2024 13:00,744 ppm,76.8 %H,23.3 °C,AM319 Sensor 1
19/3/2024 12:00,722 ppm,76.3 %H,23.2 °C,AM319 Sensor 1
19/3/2024 11:00,642 ppm,76 %H,23.1 °C,AM319 Sensor 1
19/3/2024 10:00,547 ppm,76.8 %H,23.2 °C,AM319 Sensor 1
19/3/2024 9:00,499 ppm,76.5 %H,23.3 °C,AM319 Sensor 1
19/3/2024 8:00,525 ppm,74.8 %H,23.7 °C,AM319 Sensor 1
19/3/2024 7:00,526 ppm,77.2 %H,24.8 °C,AM319 Sensor 1
19/3/2024 6:00,523 ppm,77 %H,24.7 °C,AM319 Sensor 1
19/3/2024 5:00,531 ppm,77 %H,24.7 °C,AM319 Sensor 1
19/3/2024 4:00,548 ppm,77 %H,24.6 °C,AM319 Sensor 1
19/3/2024 3:00,564 ppm,76.8 %H,24.6 °C,AM319 Sensor 1
19/3/2024 2:00,578 ppm,76.5 %H,24.6 °C,AM319 Sensor 1
19/3/2024 1:00,593 ppm,76.5 %H,24.5 °C,AM319 Sensor 1
19/3/2024 0:00,616 ppm,76.5 %H,24.4 °C,AM319 Sensor 1
18/3/2024 23:00,631 ppm,76.5 %H,24.3 °C,AM319 Sensor 1
18/3/2024 22:00,649 ppm,76.1 %H,24.2 °C,AM319 Sensor 1
18/3/2024 21:00,674 ppm,76 %H,24 °C,AM319 Sensor 1
18/3/2024 20:00,704 ppm,76.3 %H,23.6 °C,AM319 Sensor 1
18/3/2024 19:00,758 ppm,76.4 %H,23.2 °C,AM319 Sensor 1
18/3/2024 18:00,770 ppm,75.8 %H,23.3 °C,AM319 Sensor 1
18/3/2024 17:00,765 ppm,75.5 %H,23.3 °C,AM319 Sensor 1
18/3/2024 16:00,751 ppm,75.5 %H,23.3 °C,AM319 Sensor 1
18/3/2024 15:00,734 ppm,76.2 %H,23.4 °C,AM319 Sensor 1
18/3/2024 14:00,755 ppm,75.8 %H,23.3 °C,AM319 Sensor 1
18/3/2024 13:00,759 ppm,76.2 %H,23.3 °C,AM319 Sensor 1
18/3/2024 12:00,753 ppm,76.4 %H,23.5 °C,AM319 Sensor 1
18/3/2024 11:00,663 ppm,76.2 %H,23.3 °C,AM319 Sensor 1
18/3/2024 10:00,594 ppm,76.6 %H,23.4 °C,AM319 Sensor 1
18/3/2024 9:00,531 ppm,75.6 %H,23.5 °C,AM319 Sensor 1
18/3/2024 8:00,466 ppm,74.3 %H,23.9 °C,AM319 Sensor 1
18/3/2024 7:00,425 ppm,78.5 %H,25.1 °C,AM319 Sensor 1
18/3/2024 6:00,410 ppm,78.5 %H,25.1 °C,AM319 Sensor 1
18/3/2024 5:00,417 ppm,78.5 %H,25.1 °C,AM319 Sensor 1
18/3/2024 4:00,422 ppm,78.5 %H,25.1 °C,AM319 Sensor 1
18/3/2024 3:00,416 ppm,78.3 %H,25.1 °C,AM319 Sensor 1
18/3/2024 2:00,417 ppm,78 %H,25.2 °C,AM319 Sensor 1
18/3/2024 1:00,420 ppm,78 %H,25.2 °C,AM319 Sensor 1
18/3/2024 0:00,425 ppm,78 %H,25.2 °C,AM319 Sensor 1
17/3/2024 23:00,427 ppm,78 %H,25.2 °C,AM319 Sensor 1
17/3/2024 22:00,431 ppm,78 %H,25.2 °C,AM319 Sensor 1
17/3/2024 21:00,431 ppm,77.9 %H,25.2 °C,AM319 Sensor 1
17/3/2024 20:00,429 ppm,77.5 %H,25.3 °C,AM319 Sensor 1
17/3/2024 19:00,433 ppm,77.5 %H,25.3 °C,AM319 Sensor 1
17/3/2024 18:00,435 ppm,77.5 %H,25.4 °C,AM319 Sensor 1
17/3/2024 17:00,441 ppm,77.5 %H,25.3 °C,AM319 Sensor 1
17/3/2024 16:00,444 ppm,77.7 %H,25.3 °C,AM319 Sensor 1
17/3/2024 15:00,440 ppm,78 %H,25.1 °C,AM319 Sensor 1
17/3/2024 14:00,432 ppm,78 %H,25.0 °C,AM319 Sensor 1
17/3/2024 13:00,430 ppm,78 %H,24.9 °C,AM319 Sensor 1
17/3/2024 12:00,429 ppm,78.1 %H,24.7 °C,AM319 Sensor 1
17/3/2024 11:00,422 ppm,78.5 %H,24.6 °C,AM319 Sensor 1
17/3/2024 10:00,415 ppm,78.5 %H,24.5 °C,AM319 Sensor 1
17/3/2024 9:00,417 ppm,78.5 %H,24.4 °C,AM319 Sensor 1
17/3/2024 8:00,415 ppm,78.5 %H,24.3 °C,AM319 Sensor 1
17/3/2024 7:00,410 ppm,78.5 %H,24.3 °C,AM319 Sensor 1
17/3/2024 6:00,416 ppm,78.5 %H,24.3 °C,AM319 Sensor 1
17/3/2024 5:00,415 ppm,78.5 %H,24.3 °C,AM319 Sensor 1
17/3/2024 4:00,425 ppm,78.5 %H,24.3 °C,AM319 Sensor 1
17/3/2024 3:00,431 ppm,78.5 %H,24.2 °C,AM319 Sensor 1
17/3/2024 2:00,438 ppm,78.5 %H,24.2 °C,AM319 Sensor 1
17/3/2024 1:00,441 ppm,78.5 %H,24.2 °C,AM319 Sensor 1
17/3/2024 0:00,446 ppm,78.5 %H,24.1 °C,AM319 Sensor 1
16/3/2024 23:00,451 ppm,78.5 %H,24.0 °C,AM319 Sensor 1
16/3/2024 22:00,459 ppm,78.5 %H,23.9 °C,AM319 Sensor 1
16/3/2024 21:00,453 ppm,79 %H,23.8 °C,AM319 Sensor 1
16/3/2024 20:00,456 ppm,79.3 %H,23.6 °C,AM319 Sensor 1
16/3/2024 19:00,455 ppm,79.3 %H,23.1 °C,AM319 Sensor 1
16/3/2024 18:00,458 ppm,78.7 %H,23.1 °C,AM319 Sensor 1
16/3/2024 17:00,459 ppm,77.9 %H,23.2 °C,AM319 Sensor 1
16/3/2024 16:00,454 ppm,78 %H,23.2 °C,AM319 Sensor 1
16/3/2024 15:00,445 ppm,78.2 %H,23.2 °C,AM319 Sensor 1
16/3/2024 14:00,439 ppm,78.3 %H,23.2 °C,AM319 Sensor 1
16/3/2024 13:00,437 ppm,78.8 %H,23.3 °C,AM319 Sensor 1
16/3/2024 12:00,431 ppm,79.2 %H,23.2 °C,AM319 Sensor 1
16/3/2024 11:00,431 ppm,78.8 %H,23.1 °C,AM319 Sensor 1
16/3/2024 10:00,437 ppm,78.7 %H,23.2 °C,AM319 Sensor 1
16/3/2024 9:00,462 ppm,78.3 %H,23.3 °C,AM319 Sensor 1
16/3/2024 8:00,486 ppm,77.5 %H,23.6 °C,AM319 Sensor 1
16/3/2024 7:00,492 ppm,77.5 %H,24.2 °C,AM319 Sensor 1
16/3/2024 6:00,499 ppm,77.5 %H,24.2 °C,AM319 Sensor 1
16/3/2024 5:00,504 ppm,77.5 %H,24.2 °C,AM319 Sensor 1
16/3/2024 4:00,513 ppm,77.5 %H,24.1 °C,AM319 Sensor 1
16/3/2024 3:00,521 ppm,77.8 %H,24.1 °C,AM319 Sensor 1
16/3/2024 2:00,531 ppm,78 %H,24.1 °C,AM319 Sensor 1
16/3/2024 1:00,545 ppm,78 %H,24.0 °C,AM319 Sensor 1
16/3/2024 0:00,554 ppm,78 %H,24 °C,AM319 Sensor 1
15/3/2024 23:00,564 ppm,78.3 %H,23.9 °C,AM319 Sensor 1
15/3/2024 22:00,566 ppm,78.5 %H,23.8 °C,AM319 Sensor 1
15/3/2024 21:00,569 ppm,78.8 %H,23.6 °C,AM319 Sensor 1
15/3/2024 20:00,564 ppm,79.3 %H,23.3 °C,AM319 Sensor 1
15/3/2024 19:00,559 ppm,79.2 %H,23 °C,AM319 Sensor 1
15/3/2024 18:00,553 ppm,79.1 %H,23.1 °C,AM319 Sensor 1
15/3/2024 17:00,551 ppm,78.8 %H,23.2 °C,AM319 Sensor 1
15/3/2024 16:00,542 ppm,78.8 %H,23.3 °C,AM319 Sensor 1
15/3/2024 15:00,528 ppm,78.6 %H,23.3 °C,AM319 Sensor 1
15/3/2024 14:00,508 ppm,78.6 %H,23.3 °C,AM319 Sensor 1
15/3/2024 13:00,501 ppm,78.8 %H,23.3 °C,AM319 Sensor 1
15/3/2024 12:00,493 ppm,79.1 %H,23.3 °C,AM319 Sensor 1
15/3/2024 11:00,483 ppm,79.2 %H,23.3 °C,AM319 Sensor 1
15/3/2024 10:00,476 ppm,79.3 %H,23.2 °C,AM319 Sensor 1
15/3/2024 9:00,480 ppm,79.1 %H,23.3 °C,AM319 Sensor 1
15/3/2024 8:00,488 ppm,77.7 %H,23.6 °C,AM319 Sensor 1
15/3/2024 7:00,486 ppm,78 %H,24.3 °C,AM319 Sensor 1
15/3/2024 6:00,495 ppm,78 %H,24.3 °C,AM319 Sensor 1
15/3/2024 5:00,503 ppm,78 %H,24.3 °C,AM319 Sensor 1
15/3/2024 4:00,505 ppm,78 %H,24.3 °C,AM319 Sensor 1
15/3/2024 3:00,513 ppm,78 %H,24.2 °C,AM319 Sensor 1
15/3/2024 2:00,522 ppm,78 %H,24.2 °C,AM319 Sensor 1
15/3/2024 1:00,527 ppm,78 %H,24.1 °C,AM319 Sensor 1
15/3/2024 0:00,533 ppm,78 %H,24.1 °C,AM319 Sensor 1
14/3/2024 23:00,540 ppm,78 %H,24 °C,AM319 Sensor 1
14/3/2024 22:00,538 ppm,78 %H,23.9 °C,AM319 Sensor 1
14/3/2024 21:00,543 ppm,78 %H,23.8 °C,AM319 Sensor 1
14/3/2024 20:00,550 ppm,78.1 %H,23.4 °C,AM319 Sensor 1
14/3/2024 19:00,567 ppm,79.1 %H,23.2 °C,AM319 Sensor 1
14/3/2024 18:00,579 ppm,78.5 %H,23.1 °C,AM319 Sensor 1
14/3/2024 17:00,598 ppm,78 %H,23.2 °C,AM319 Sensor 1
14/3/2024 16:00,630 ppm,77.6 %H,23.2 °C,AM319 Sensor 1
14/3/2024 15:00,682 ppm,77.8 %H,23.2 °C,AM319 Sensor 1
14/3/2024 14:00,747 ppm,77.5 %H,23.2 °C,AM319 Sensor 1
14/3/2024 13:00,789 ppm,77.4 %H,23.3 °C,AM319 Sensor 1
14/3/2024 12:00,779 ppm,77.5 %H,23.4 °C,AM319 Sensor 1
14/3/2024 11:00,666 ppm,77.4 %H,23.5 °C,AM319 Sensor 1
14/3/2024 10:00,506 ppm,78.6 %H,23.4 °C,AM319 Sensor 1
14/3/2024 9:00,460 ppm,78.5 %H,23.3 °C,AM319 Sensor 1
14/3/2024 8:00,474 ppm,77 %H,23.6 °C,AM319 Sensor 1
14/3/2024 7:00,483 ppm,77.7 %H,24.4 °C,AM319 Sensor 1
14/3/2024 6:00,491 ppm,77.5 %H,24.4 °C,AM319 Sensor 1
14/3/2024 5:00,498 ppm,77.5 %H,24.3 °C,AM319 Sensor 1
14/3/2024 4:00,512 ppm,77.5 %H,24.3 °C,AM319 Sensor 1
14/3/2024 3:00,522 ppm,77.5 %H,24.3 °C,AM319 Sensor 1
14/3/2024 2:00,531 ppm,77.5 %H,24.2 °C,AM319 Sensor 1
14/3/2024 1:00,545 ppm,77.5 %H,24.2 °C,AM319 Sensor 1
14/3/2024 0:00,561 ppm,77.5 %H,24.1 °C,AM319 Sensor 1
13/3/2024 23:00,572 ppm,77.5 %H,24.1 °C,AM319 Sensor 1
13/3/2024 22:00,588 ppm,77.8 %H,24.0 °C,AM319 Sensor 1
13/3/2024 21:00,602 ppm,78 %H,23.8 °C,AM319 Sensor 1
13/3/2024 20:00,618 ppm,78.4 %H,23.5 °C,AM319 Sensor 1
13/3/2024 19:00,657 ppm,78 %H,23.2 °C,AM319 Sensor 1
13/3/2024 18:00,707 ppm,77.7 %H,23.3 °C,AM319 Sensor 1
13/3/2024 17:00,705 ppm,77.1 %H,23.2 °C,AM319 Sensor 1
13/3/2024 16:00,683 ppm,76.9 %H,23.1 °C,AM319 Sensor 1
13/3/2024 15:00,660 ppm,77.2 %H,23.1 °C,AM319 Sensor 1
13/3/2024 14:00,627 ppm,77.5 %H,23.2 °C,AM319 Sensor 1
13/3/2024 13:00,614 ppm,78.5 %H,23.3 °C,AM319 Sensor 1
13/3/2024 12:00,597 ppm,78.3 %H,23.2 °C,AM319 Sensor 1
13/3/2024 11:00,561 ppm,78.1 %H,23.1 °C,AM319 Sensor 1
13/3/2024 10:00,511 ppm,78.5 %H,23.2 °C,AM319 Sensor 1
13/3/2024 9:00,489 ppm,78.4 %H,23.3 °C,AM319 Sensor 1
13/3/2024 8:00,503 ppm,77.2 %H,23.6 °C,AM319 Sensor 1
13/3/2024 7:00,514 ppm,77.7 %H,24.4 °C,AM319 Sensor 1
13/3/2024 6:00,527 ppm,77.5 %H,24.4 °C,AM319 Sensor 1
13/3/2024 5:00,539 ppm,77.5 %H,24.3 °C,AM319 Sensor 1
13/3/2024 4:00,551 ppm,77.5 %H,24.3 °C,AM319 Sensor 1
13/3/2024 3:00,570 ppm,77.5 %H,24.3 °C,AM319 Sensor 1
13/3/2024 2:00,595 ppm,77.5 %H,24.3 °C,AM319 Sensor 1
13/3/2024 1:00,616 ppm,77.5 %H,24.2 °C,AM319 Sensor 1
13/3/2024 0:00,639 ppm,77.5 %H,24.2 °C,AM319 Sensor 1
12/3/2024 23:00,670 ppm,77.5 %H,24.1 °C,AM319 Sensor 1
12/3/2024 22:00,703 ppm,77.9 %H,24.0 °C,AM319 Sensor 1
12/3/2024 21:00,738 ppm,78 %H,23.8 °C,AM319 Sensor 1
12/3/2024 20:00,788 ppm,78.4 %H,23.6 °C,AM319 Sensor 1
12/3/2024 19:00,860 ppm,78 %H,23.2 °C,AM319 Sensor 1
12/3/2024 18:00,874 ppm,77.6 %H,23.3 °C,AM319 Sensor 1
12/3/2024 17:00,847 ppm,77.3 %H,23.2 °C,AM319 Sensor 1
12/3/2024 16:00,800 ppm,77 %H,23.2 °C,AM319 Sensor 1
12/3/2024 15:00,728 ppm,76.8 %H,23.2 °C,AM319 Sensor 1
12/3/2024 14:00,641 ppm,76.8 %H,23.2 °C,AM319 Sensor 1
12/3/2024 13:00,601 ppm,77.2 %H,23.1 °C,AM319 Sensor 1
12/3/2024 12:00,580 ppm,77.6 %H,23.2 °C,AM319 Sensor 1
12/3/2024 11:00,538 ppm,77.8 %H,23.2 °C,AM319 Sensor 1
12/3/2024 10:00,482 ppm,78.4 %H,23.3 °C,AM319 Sensor 1
12/3/2024 9:00,469 ppm,78.4 %H,23.3 °C,AM319 Sensor 1
12/3/2024 8:00,483 ppm,77.3 %H,23.8 °C,AM319 Sensor 1
12/3/2024 7:00,496 ppm,78 %H,24.6 °C,AM319 Sensor 1
12/3/2024 6:00,504 ppm,78 %H,24.6 °C,AM319 Sensor 1
12/3/2024 5:00,518 ppm,78 %H,24.5 °C,AM319 Sensor 1
12/3/2024 4:00,528 ppm,78 %H,24.5 °C,AM319 Sensor 1
12/3/2024 3:00,556 ppm,78 %H,24.4 °C,AM319 Sensor 1
12/3/2024 2:00,569 ppm,77.9 %H,24.4 °C,AM319 Sensor 1
12/3/2024 1:00,592 ppm,77.6 %H,24.3 °C,AM319 Sensor 1
12/3/2024 0:00,619 ppm,77.5 %H,24.3 °C,AM319 Sensor 1
11/3/2024 23:00,646 ppm,77.7 %H,24.2 °C,AM319 Sensor 1
11/3/2024 22:00,672 ppm,78 %H,24.1 °C,AM319 Sensor 1
11/3/2024 21:00,704 ppm,78 %H,23.9 °C,AM319 Sensor 1
11/3/2024 20:00,745 ppm,78.4 %H,23.6 °C,AM319 Sensor 1
11/3/2024 19:00,832 ppm,78.3 %H,23.1 °C,AM319 Sensor 1
11/3/2024 18:00,963 ppm,77.5 %H,23.1 °C,AM319 Sensor 1
11/3/2024 17:00,1113 ppm,75.9 %H,23.2 °C,AM319 Sensor 1
11/3/2024 16:00,1122 ppm,75.4 %H,23.3 °C,AM319 Sensor 1
11/3/2024 15:00,974 ppm,76 %H,23.4 °C,AM319 Sensor 1
11/3/2024 14:00,865 ppm,76.7 %H,23.4 °C,AM319 Sensor 1
11/3/2024 13:00,768 ppm,77.2 %H,23.4 °C,AM319 Sensor 1
11/3/2024 12:00,801 ppm,77.1 %H,23.4 °C,AM319 Sensor 1
11/3/2024 11:00,712 ppm,78 %H,23.5 °C,AM319 Sensor 1
11/3/2024 10:00,583 ppm,78.6 %H,23.5 °C,AM319 Sensor 1
11/3/2024 9:00,495 ppm,78.7 %H,23.6 °C,AM319 Sensor 1
11/3/2024 8:00,478 ppm,77.4 %H,23.9 °C,AM319 Sensor 1
11/3/2024 7:00,486 ppm,79 %H,24.8 °C,AM319 Sensor 1
11/3/2024 6:00,498 ppm,79 %H,24.8 °C,AM319 Sensor 1
11/3/2024 5:00,503 ppm,79 %H,24.8 °C,AM319 Sensor 1
11/3/2024 4:00,512 ppm,79 %H,24.8 °C,AM319 Sensor 1
11/3/2024 3:00,526 ppm,79 %H,24.8 °C,AM319 Sensor 1
11/3/2024 2:00,539 ppm,79 %H,24.8 °C,AM319 Sensor 1
11/3/2024 1:00,545 ppm,79 %H,24.8 °C,AM319 Sensor 1
11/3/2024 0:00,557 ppm,79 %H,24.8 °C,AM319 Sensor 1
10/3/2024 23:00,569 ppm,79 %H,24.8 °C,AM319 Sensor 1
10/3/2024 22:00,572 ppm,78.5 %H,24.8 °C,AM319 Sensor 1
10/3/2024 21:00,576 ppm,78.5 %H,24.8 °C,AM319 Sensor 1
10/3/2024 20:00,572 ppm,78.5 %H,24.8 °C,AM319 Sensor 1
10/3/2024 19:00,565 ppm,78.5 %H,24.9 °C,AM319 Sensor 1
10/3/2024 18:00,559 ppm,78.5 %H,24.9 °C,AM319 Sensor 1
10/3/2024 17:00,537 ppm,78.8 %H,24.9 °C,AM319 Sensor 1
10/3/2024 16:00,511 ppm,79 %H,24.9 °C,AM319 Sensor 1
10/3/2024 15:00,482 ppm,79 %H,24.9 °C,AM319 Sensor 1
10/3/2024 14:00,465 ppm,79 %H,24.9 °C,AM319 Sensor 1
10/3/2024 13:00,458 ppm,79.4 %H,24.8 °C,AM319 Sensor 1
10/3/2024 12:00,456 ppm,79.5 %H,24.6 °C,AM319 Sensor 1
10/3/2024 11:00,452 ppm,79.5 %H,24.6 °C,AM319 Sensor 1
10/3/2024 10:00,451 ppm,79.5 %H,24.4 °C,AM319 Sensor 1
10/3/2024 9:00,457 ppm,79.5 %H,24.3 °C,AM319 Sensor 1
10/3/2024 8:00,460 ppm,79.8 %H,24.3 °C,AM319 Sensor 1
10/3/2024 7:00,466 ppm,79.8 %H,24.2 °C,AM319 Sensor 1
10/3/2024 6:00,468 ppm,79.8 %H,24.2 °C,AM319 Sensor 1
10/3/2024 5:00,475 ppm,79.8 %H,24.2 °C,AM319 Sensor 1
10/3/2024 4:00,481 ppm,79.7 %H,24.2 °C,AM319 Sensor 1
10/3/2024 3:00,488 ppm,79.5 %H,24.1 °C,AM319 Sensor 1
10/3/2024 2:00,494 ppm,79.6 %H,24.1 °C,AM319 Sensor 1
10/3/2024 1:00,507 ppm,79.9 %H,24.1 °C,AM319 Sensor 1
10/3/2024 0:00,516 ppm,80 %H,24 °C,AM319 Sensor 1
9/3/2024 23:00,523 ppm,80 %H,23.9 °C,AM319 Sensor 1
9/3/2024 22:00,525 ppm,80 %H,23.8 °C,AM319 Sensor 1
9/3/2024 21:00,531 ppm,80 %H,23.7 °C,AM319 Sensor 1
9/3/2024 20:00,524 ppm,80.5 %H,23.4 °C,AM319 Sensor 1
9/3/2024 19:00,538 ppm,80.3 %H,23.2 °C,AM319 Sensor 1
9/3/2024 18:00,548 ppm,80.2 %H,23.3 °C,AM319 Sensor 1
9/3/2024 17:00,541 ppm,79.9 %H,23.2 °C,AM319 Sensor 1
9/3/2024 16:00,536 ppm,79.8 %H,23.2 °C,AM319 Sensor 1
9/3/2024 15:00,527 ppm,80 %H,23.3 °C,AM319 Sensor 1
9/3/2024 14:00,535 ppm,79.9 %H,23.3 °C,AM319 Sensor 1
9/3/2024 13:00,541 ppm,80.1 %H,23.2 °C,AM319 Sensor 1
9/3/2024 12:00,555 ppm,80.8 %H,23.2 °C,AM319 Sensor 1
9/3/2024 11:00,563 ppm,80.6 %H,23.2 °C,AM319 Sensor 1
9/3/2024 10:00,590 ppm,80.8 %H,23.3 °C,AM319 Sensor 1
9/3/2024 9:00,626 ppm,80.4 %H,23.4 °C,AM319 Sensor 1
9/3/2024 8:00,669 ppm,79.4 %H,23.6 °C,AM319 Sensor 1
9/3/2024 7:00,689 ppm,79.5 %H,24.2 °C,AM319 Sensor 1
9/3/2024 6:00,701 ppm,79.5 %H,24.2 °C,AM319 Sensor 1
9/3/2024 5:00,709 ppm,79.5 %H,24.2 °C,AM319 Sensor 1
9/3/2024 4:00,719 ppm,79.5 %H,24.1 °C,AM319 Sensor 1
9/3/2024 3:00,718 ppm,79.5 %H,24.1 °C,AM319 Sensor 1
9/3/2024 2:00,712 ppm,79.5 %H,24.0 °C,AM319 Sensor 1
9/3/2024 1:00,694 ppm,79.5 %H,24 °C,AM319 Sensor 1
9/3/2024 0:00,669 ppm,79.5 %H,23.9 °C,AM319 Sensor 1
8/3/2024 23:00,660 ppm,79.5 %H,23.9 °C,AM319 Sensor 1
8/3/2024 22:00,653 ppm,79.8 %H,23.8 °C,AM319 Sensor 1
8/3/2024 21:00,648 ppm,80 %H,23.7 °C,AM319 Sensor 1
8/3/2024 20:00,657 ppm,80.5 %H,23.5 °C,AM319 Sensor 1
8/3/2024 19:00,690 ppm,80.5 %H,23.1 °C,AM319 Sensor 1
8/3/2024 18:00,740 ppm,80.2 %H,23.2 °C,AM319 Sensor 1
8/3/2024 17:00,792 ppm,80.2 %H,23.2 °C,AM319 Sensor 1
8/3/2024 16:00,807 ppm,79.8 %H,23.2 °C,AM319 Sensor 1
8/3/2024 15:00,812 ppm,78.8 %H,23.2 °C,AM319 Sensor 1
8/3/2024 14:00,845 ppm,78.8 %H,23.3 °C,AM319 Sensor 1
8/3/2024 13:00,933 ppm,79.2 %H,23.3 °C,AM319 Sensor 1
8/3/2024 12:00,979 ppm,79 %H,23.3 °C,AM319 Sensor 1
8/3/2024 11:00,848 ppm,79.7 %H,23.3 °C,AM319 Sensor 1
8/3/2024 10:00,679 ppm,80.3 %H,23.3 °C,AM319 Sensor 1
8/3/2024 9:00,618 ppm,79.3 %H,23.2 °C,AM319 Sensor 1
8/3/2024 8:00,568 ppm,78.3 %H,23.5 °C,AM319 Sensor 1
8/3/2024 7:00,518 ppm,80 %H,24.2 °C,AM319 Sensor 1
8/3/2024 6:00,522 ppm,80 %H,24.2 °C,AM319 Sensor 1
8/3/2024 5:00,536 ppm,80 %H,24.1 °C,AM319 Sensor 1
8/3/2024 4:00,551 ppm,80 %H,24.1 °C,AM319 Sensor 1
8/3/2024 3:00,560 ppm,79.8 %H,24.1 °C,AM319 Sensor 1
8/3/2024 2:00,576 ppm,79.5 %H,24.0 °C,AM319 Sensor 1
8/3/2024 1:00,591 ppm,79.5 %H,24 °C,AM319 Sensor 1
8/3/2024 0:00,610 ppm,79.6 %H,23.9 °C,AM319 Sensor 1
7/3/2024 23:00,625 ppm,79.9 %H,23.9 °C,AM319 Sensor 1
7/3/2024 22:00,640 ppm,80 %H,23.8 °C,AM319 Sensor 1
7/3/2024 21:00,658 ppm,80 %H,23.6 °C,AM319 Sensor 1
7/3/2024 20:00,682 ppm,80.3 %H,23.4 °C,AM319 Sensor 1
7/3/2024 19:00,726 ppm,80.7 %H,23.2 °C,AM319 Sensor 1
7/3/2024 18:00,799 ppm,80.2 %H,23.1 °C,AM319 Sensor 1
7/3/2024 17:00,829 ppm,79.9 %H,23.2 °C,AM319 Sensor 1
7/3/2024 16:00,847 ppm,79.5 %H,23.2 °C,AM319 Sensor 1
7/3/2024 15:00,874 ppm,78.6 %H,23.1 °C,AM319 Sensor 1
7/3/2024 14:00,901 ppm,78.1 %H,23.1 °C,AM319 Sensor 1
7/3/2024 13:00,913 ppm,78.7 %H,23.2 °C,AM319 Sensor 1
7/3/2024 12:00,876 ppm,79.3 %H,23.3 °C,AM319 Sensor 1
7/3/2024 11:00,800 ppm,79.8 %H,23.3 °C,AM319 Sensor 1
7/3/2024 10:00,692 ppm,80 %H,23.4 °C,AM319 Sensor 1
7/3/2024 9:00,660 ppm,79.5 %H,23.3 °C,AM319 Sensor 1
7/3/2024 8:00,639 ppm,78.6 %H,23.5 °C,AM319 Sensor 1
7/3/2024 7:00,593 ppm,79.5 %H,24.1 °C,AM319 Sensor 1
7/3/2024 6:00,598 ppm,79.5 %H,24.1 °C,AM319 Sensor 1
7/3/2024 5:00,612 ppm,79.5 %H,24.1 °C,AM319 Sensor 1
7/3/2024 4:00,624 ppm,79.5 %H,24 °C,AM319 Sensor 1
7/3/2024 3:00,634 ppm,79.5 %H,24 °C,AM319 Sensor 1
7/3/2024 2:00,651 ppm,79.5 %H,24.0 °C,AM319 Sensor 1
7/3/2024 1:00,671 ppm,79.5 %H,23.9 °C,AM319 Sensor 1
7/3/2024 0:00,690 ppm,79.5 %H,23.9 °C,AM319 Sensor 1
6/3/2024 23:00,710 ppm,79.5 %H,23.9 °C,AM319 Sensor 1
6/3/2024 22:00,734 ppm,79.5 %H,23.8 °C,AM319 Sensor 1
6/3/2024 21:00,760 ppm,79.8 %H,23.7 °C,AM319 Sensor 1
6/3/2024 20:00,787 ppm,80 %H,23.6 °C,AM319 Sensor 1
6/3/2024 19:00,846 ppm,79.3 %H,23.5 °C,AM319 Sensor 1
6/3/2024 18:00,885 ppm,79.3 %H,23.5 °C,AM319 Sensor 1
6/3/2024 17:00,905 ppm,79 %H,23.5 °C,AM319 Sensor 1
6/3/2024 16:00,937 ppm,78.7 %H,23.5 °C,AM319 Sensor 1
6/3/2024 15:00,990 ppm,78.6 %H,23.5 °C,AM319 Sensor 1
6/3/2024 14:00,1086 ppm,78.2 %H,23.6 °C,AM319 Sensor 1
6/3/2024 13:00,1290 ppm,77.8 %H,23.8 °C,AM319 Sensor 1
6/3/2024 12:00,1236 ppm,79.4 %H,23.6 °C,AM319 Sensor 1
6/3/2024 11:00,958 ppm,80.3 %H,23.3 °C,AM319 Sensor 1
6/3/2024 10:00,710 ppm,80.7 %H,23.1 °C,AM319 Sensor 1
6/3/2024 9:00,670 ppm,80.6 %H,23.1 °C,AM319 Sensor 1
6/3/2024 8:00,629 ppm,80.7 %H,23.2 °C,AM319 Sensor 1
6/3/2024 7:00,578 ppm,80.4 %H,23.2 °C,AM319 Sensor 1
6/3/2024 6:00,587 ppm,80.3 %H,23.2 °C,AM319 Sensor 1
6/3/2024 5:00,598 ppm,80.4 %H,23.3 °C,AM319 Sensor 1
6/3/2024 4:00,616 ppm,80.3 %H,23.3 °C,AM319 Sensor 1
6/3/2024 3:00,627 ppm,80.4 %H,23.1 °C,AM319 Sensor 1
6/3/2024 2:00,640 ppm,80.3 %H,23.0 °C,AM319 Sensor 1
6/3/2024 1:00,656 ppm,80.1 %H,23.1 °C,AM319 Sensor 1
6/3/2024 0:00,676 ppm,80.2 %H,23.1 °C,AM319 Sensor 1
5/3/2024 23:00,692 ppm,79.9 %H,23.2 °C,AM319 Sensor 1
5/3/2024 22:00,708 ppm,80 %H,23.2 °C,AM319 Sensor 1
5/3/2024 21:00,732 ppm,79.8 %H,23.1 °C,AM319 Sensor 1
5/3/2024 20:00,757 ppm,79.8 %H,23.2 °C,AM319 Sensor 1
5/3/2024 19:00,813 ppm,79.6 %H,23.3 °C,AM319 Sensor 1
5/3/2024 18:00,857 ppm,79.4 %H,23.2 °C,AM319 Sensor 1
5/3/2024 17:00,865 ppm,79.1 %H,23.2 °C,AM319 Sensor 1
5/3/2024 16:00,862 ppm,78.8 %H,23.1 °C,AM319 Sensor 1
5/3/2024 15:00,879 ppm,78.3 %H,23.2 °C,AM319 Sensor 1
5/3/2024 14:00,904 ppm,78 %H,23.3 °C,AM319 Sensor 1
5/3/2024 13:00,938 ppm,77.8 %H,23.3 °C,AM319 Sensor 1
5/3/2024 12:00,1010 ppm,76.8 %H,23.2 °C,AM319 Sensor 1
5/3/2024 11:00,903 ppm,76.7 %H,23.4 °C,AM319 Sensor 1
5/3/2024 10:00,704 ppm,78.2 %H,23.3 °C,AM319 Sensor 1
5/3/2024 9:00,628 ppm,78.8 %H,23.4 °C,AM319 Sensor 1
5/3/2024 8:00,587 ppm,77.8 %H,23.7 °C,AM319 Sensor 1
5/3/2024 7:00,538 ppm,78.5 %H,24.4 °C,AM319 Sensor 1
5/3/2024 6:00,549 ppm,78.5 %H,24.3 °C,AM319 Sensor 1
5/3/2024 5:00,562 ppm,78.5 %H,24.3 °C,AM319 Sensor 1
5/3/2024 4:00,575 ppm,78.5 %H,24.3 °C,AM319 Sensor 1
5/3/2024 3:00,582 ppm,78.5 %H,24.3 °C,AM319 Sensor 1
5/3/2024 2:00,597 ppm,78.5 %H,24.2 °C,AM319 Sensor 1
5/3/2024 1:00,616 ppm,78.5 %H,24.2 °C,AM319 Sensor 1
5/3/2024 0:00,635 ppm,78.5 %H,24.1 °C,AM319 Sensor 1
4/3/2024 23:00,657 ppm,78.5 %H,24.0 °C,AM319 Sensor 1
4/3/2024 22:00,675 ppm,78.5 %H,23.9 °C,AM319 Sensor 1
4/3/2024 21:00,698 ppm,78.7 %H,23.8 °C,AM319 Sensor 1
4/3/2024 20:00,727 ppm,79.3 %H,23.5 °C,AM319 Sensor 1
4/3/2024 19:00,787 ppm,79.1 %H,23.0 °C,AM319 Sensor 1
4/3/2024 18:00,843 ppm,78.5 %H,23.0 °C,AM319 Sensor 1
4/3/2024 17:00,856 ppm,77.5 %H,23.1 °C,AM319 Sensor 1
4/3/2024 16:00,890 ppm,77.4 %H,23.2 °C,AM319 Sensor 1
4/3/2024 15:00,937 ppm,77.3 %H,23.1 °C,AM319 Sensor 1
4/3/2024 14:00,1031 ppm,76.9 %H,23.1 °C,AM319 Sensor 1
4/3/2024 13:00,1122 ppm,76.1 %H,23.2 °C,AM319 Sensor 1
4/3/2024 12:00,992 ppm,75.7 %H,23.2 °C,AM319 Sensor 1
4/3/2024 11:00,811 ppm,76.5 %H,23.2 °C,AM319 Sensor 1
4/3/2024 10:00,601 ppm,77.1 %H,23.2 °C,AM319 Sensor 1
4/3/2024 9:00,556 ppm,76.8 %H,23.3 °C,AM319 Sensor 1
4/3/2024 8:00,507 ppm,76.3 %H,23.7 °C,AM319 Sensor 1
4/3/2024 7:00,467 ppm,79.5 %H,24.8 °C,AM319 Sensor 1
4/3/2024 6:00,472 ppm,79.5 %H,24.8 °C,AM319 Sensor 1
4/3/2024 5:00,477 ppm,79 %H,24.8 °C,AM319 Sensor 1
4/3/2024 4:00,483 ppm,79 %H,24.8 °C,AM319 Sensor 1
4/3/2024 3:00,490 ppm,79 %H,24.8 °C,AM319 Sensor 1
4/3/2024 2:00,499 ppm,79 %H,24.8 °C,AM319 Sensor 1
4/3/2024 1:00,503 ppm,79 %H,24.8 °C,AM319 Sensor 1
4/3/2024 0:00,518 ppm,79 %H,24.8 °C,AM319 Sensor 1
3/3/2024 23:00,517 ppm,79 %H,24.8 °C,AM319 Sensor 1
3/3/2024 22:00,524 ppm,78.8 %H,24.7 °C,AM319 Sensor 1
3/3/2024 21:00,521 ppm,78.5 %H,24.7 °C,AM319 Sensor 1
3/3/2024 20:00,512 ppm,78.5 %H,24.8 °C,AM319 Sensor 1
3/3/2024 19:00,507 ppm,78.5 %H,24.8 °C,AM319 Sensor 1
3/3/2024 18:00,501 ppm,78.5 %H,24.8 °C,AM319 Sensor 1
3/3/2024 17:00,478 ppm,78.5 %H,24.8 °C,AM319 Sensor 1
3/3/2024 16:00,458 ppm,78.5 %H,24.8 °C,AM319 Sensor 1
3/3/2024 15:00,442 ppm,78.5 %H,24.8 °C,AM319 Sensor 1
3/3/2024 14:00,430 ppm,78.5 %H,24.6 °C,AM319 Sensor 1
3/3/2024 13:00,425 ppm,78.5 %H,24.5 °C,AM319 Sensor 1
3/3/2024 12:00,416 ppm,78.5 %H,24.5 °C,AM319 Sensor 1
3/3/2024 11:00,411 ppm,78.5 %H,24.4 °C,AM319 Sensor 1
3/3/2024 10:00,413 ppm,79 %H,24.3 °C,AM319 Sensor 1
3/3/2024 9:00,418 ppm,79 %H,24.3 °C,AM319 Sensor 1
3/3/2024 8:00,424 ppm,79 %H,24.3 °C,AM319 Sensor 1
3/3/2024 7:00,427 ppm,79 %H,24.3 °C,AM319 Sensor 1
3/3/2024 6:00,425 ppm,79 %H,24.2 °C,AM319 Sensor 1
3/3/2024 5:00,434 ppm,79 %H,24.2 °C,AM319 Sensor 1
3/3/2024 4:00,436 ppm,79 %H,24.2 °C,AM319 Sensor 1
3/3/2024 3:00,439 ppm,79 %H,24.2 °C,AM319 Sensor 1
3/3/2024 2:00,444 ppm,79 %H,24.1 °C,AM319 Sensor 1
3/3/2024 1:00,453 ppm,79 %H,24.1 °C,AM319 Sensor 1
3/3/2024 0:00,456 ppm,79 %H,24 °C,AM319 Sensor 1
2/3/2024 23:00,456 ppm,79 %H,24.0 °C,AM319 Sensor 1
2/3/2024 22:00,460 ppm,79 %H,23.8 °C,AM319 Sensor 1
2/3/2024 21:00,457 ppm,79.3 %H,23.7 °C,AM319 Sensor 1
2/3/2024 20:00,461 ppm,79.7 %H,23.4 °C,AM319 Sensor 1
2/3/2024 19:00,465 ppm,79.7 %H,23.1 °C,AM319 Sensor 1
2/3/2024 18:00,469 ppm,79.4 %H,23.1 °C,AM319 Sensor 1
2/3/2024 17:00,468 ppm,79.3 %H,23.1 °C,AM319 Sensor 1
2/3/2024 16:00,465 ppm,79.3 %H,23.2 °C,AM319 Sensor 1
2/3/2024 15:00,459 ppm,79 %H,23.3 °C,AM319 Sensor 1
2/3/2024 14:00,457 ppm,78.8 %H,23.2 °C,AM319 Sensor 1
2/3/2024 13:00,463 ppm,78.4 %H,23.3 °C,AM319 Sensor 1
2/3/2024 12:00,478 ppm,78.4 %H,23.3 °C,AM319 Sensor 1
2/3/2024 11:00,497 ppm,78.9 %H,23.3 °C,AM319 Sensor 1
2/3/2024 10:00,512 ppm,78.8 %H,23.1 °C,AM319 Sensor 1
2/3/2024 9:00,543 ppm,77.9 %H,23.2 °C,AM319 Sensor 1
2/3/2024 8:00,586 ppm,76.6 %H,23.5 °C,AM319 Sensor 1
2/3/2024 7:00,609 ppm,78 %H,24.5 °C,AM319 Sensor 1
2/3/2024 6:00,628 ppm,78 %H,24.4 °C,AM319 Sensor 1
2/3/2024 5:00,648 ppm,77.5 %H,24.4 °C,AM319 Sensor 1
2/3/2024 4:00,658 ppm,77.5 %H,24.4 °C,AM319 Sensor 1
2/3/2024 3:00,678 ppm,77.5 %H,24.3 °C,AM319 Sensor 1
2/3/2024 2:00,692 ppm,77.5 %H,24.3 °C,AM319 Sensor 1
2/3/2024 1:00,710 ppm,77.5 %H,24.2 °C,AM319 Sensor 1
2/3/2024 0:00,725 ppm,77.5 %H,24.2 °C,AM319 Sensor 1
1/3/2024 23:00,746 ppm,77.5 %H,24.1 °C,AM319 Sensor 1
1/3/2024 22:00,778 ppm,77.5 %H,24.0 °C,AM319 Sensor 1
1/3/2024 21:00,808 ppm,77.8 %H,23.8 °C,AM319 Sensor 1
1/3/2024 20:00,873 ppm,78.3 %H,23.5 °C,AM319 Sensor 1
1/3/2024 19:00,982 ppm,77.9 %H,23.2 °C,AM319 Sensor 1
1/3/2024 18:00,1095 ppm,77.5 %H,23.2 °C,AM319 Sensor 1
1/3/2024 17:00,1144 ppm,76.7 %H,23.2 °C,AM319 Sensor 1
1/3/2024 16:00,1087 ppm,76.1 %H,23.3 °C,AM319 Sensor 1
1/3/2024 15:00,1032 ppm,76.4 %H,23.3 °C,AM319 Sensor 1
1/3/2024 14:00,1069 ppm,76.6 %H,23.3 °C,AM319 Sensor 1
1/3/2024 13:00,1117 ppm,76.5 %H,23.3 °C,AM319 Sensor 1
1/3/2024 12:00,969 ppm,76.6 %H,23.3 °C,AM319 Sensor 1
1/3/2024 11:00,865 ppm,75.9 %H,23.1 °C,AM319 Sensor 1
1/3/2024 10:00,722 ppm,76.4 %H,23.2 °C,AM319 Sensor 1
1/3/2024 9:00,609 ppm,76.5 %H,23.3 °C,AM319 Sensor 1
1/3/2024 8:00,549 ppm,75.3 %H,23.6 °C,AM319 Sensor 1
1/3/2024 7:00,523 ppm,77.5 %H,24.6 °C,AM319 Sensor 1
1/3/2024 6:00,535 ppm,77.4 %H,24.6 °C,AM319 Sensor 1
1/3/2024 5:00,540 ppm,77.1 %H,24.6 °C,AM319 Sensor 1
1/3/2024 4:00,552 ppm,77 %H,24.6 °C,AM319 Sensor 1
1/3/2024 3:00,566 ppm,77 %H,24.6 °C,AM319 Sensor 1
1/3/2024 2:00,577 ppm,77 %H,24.6 °C,AM319 Sensor 1
1/3/2024 1:00,591 ppm,77 %H,24.6 °C,AM319 Sensor 1
1/3/2024 0:00,595 ppm,77 %H,24.6 °C,AM319 Sensor 1
29/2/2024 23:00,613 ppm,77 %H,24.7 °C,AM319 Sensor 1
29/2/2024 22:00,626 ppm,77 %H,24.7 °C,AM319 Sensor 1
29/2/2024 21:00,633 ppm,77 %H,24.7 °C,AM319 Sensor 1
29/2/2024 20:00,644 ppm,77 %H,24.7 °C,AM319 Sensor 1
29/2/2024 19:00,681 ppm,77 %H,24.8 °C,AM319 Sensor 1
29/2/2024 18:00,747 ppm,77 %H,24.8 °C,AM319 Sensor 1
29/2/2024 17:00,822 ppm,77.5 %H,24.8 °C,AM319 Sensor 1
29/2/2024 16:00,825 ppm,77.5 %H,24.6 °C,AM319 Sensor 1
29/2/2024 15:00,710 ppm,77.5 %H,24.3 °C,AM319 Sensor 1
29/2/2024 14:00,648 ppm,77.5 %H,24.0 °C,AM319 Sensor 1
29/2/2024 13:00,696 ppm,78 %H,23.6 °C,AM319 Sensor 1
29/2/2024 12:00,720 ppm,78.5 %H,23.2 °C,AM319 Sensor 1
29/2/2024 11:00,678 ppm,78.7 %H,23.3 °C,AM319 Sensor 1
29/2/2024 10:00,680 ppm,78.5 %H,23.3 °C,AM319 Sensor 1
29/2/2024 9:00,660 ppm,78 %H,23.4 °C,AM319 Sensor 1
29/2/2024 8:00,613 ppm,75.9 %H,23.5 °C,AM319 Sensor 1
29/2/2024 7:00,558 ppm,78 %H,24.3 °C,AM319 Sensor 1
29/2/2024 6:00,568 ppm,78 %H,24.3 °C,AM319 Sensor 1
29/2/2024 5:00,582 ppm,77.9 %H,24.3 °C,AM319 Sensor 1
29/2/2024 4:00,596 ppm,77.6 %H,24.3 °C,AM319 Sensor 1
29/2/2024 3:00,615 ppm,77.5 %H,24.2 °C,AM319 Sensor 1
29/2/2024 2:00,635 ppm,77.5 %H,24.2 °C,AM319 Sensor 1
29/2/2024 1:00,657 ppm,77.5 %H,24.2 °C,AM319 Sensor 1
29/2/2024 0:00,674 ppm,77.5 %H,24.1 °C,AM319 Sensor 1
28/2/2024 23:00,697 ppm,77.5 %H,24.0 °C,AM319 Sensor 1
28/2/2024 22:00,726 ppm,77.8 %H,23.9 °C,AM319 Sensor 1
28/2/2024 21:00,757 ppm,78 %H,23.8 °C,AM319 Sensor 1
28/2/2024 20:00,796 ppm,78.3 %H,23.5 °C,AM319 Sensor 1
28/2/2024 19:00,866 ppm,78.4 %H,23.2 °C,AM319 Sensor 1
28/2/2024 18:00,978 ppm,77.7 %H,23.3 °C,AM319 Sensor 1
28/2/2024 17:00,1076 ppm,77.4 %H,23.3 °C,AM319 Sensor 1
28/2/2024 16:00,1190 ppm,76.9 %H,23.4 °C,AM319 Sensor 1
28/2/2024 15:00,1255 ppm,76.8 %H,23.7 °C,AM319 Sensor 1
28/2/2024 14:00,1224 ppm,77.2 %H,23.3 °C,AM319 Sensor 1
28/2/2024 13:00,1187 ppm,77 %H,23.2 °C,AM319 Sensor 1
28/2/2024 12:00,1026 ppm,77.4 %H,23.2 °C,AM319 Sensor 1
28/2/2024 11:00,784 ppm,78.1 %H,23.3 °C,AM319 Sensor 1
28/2/2024 10:00,658 ppm,78.6 %H,23.2 °C,AM319 Sensor 1
28/2/2024 9:00,625 ppm,78.1 %H,23.3 °C,AM319 Sensor 1
28/2/2024 8:00,575 ppm,77.3 %H,23.6 °C,AM319 Sensor 1
28/2/2024 7:00,535 ppm,78 %H,24.3 °C,AM319 Sensor 1
28/2/2024 6:00,549 ppm,78 %H,24.3 °C,AM319 Sensor 1
28/2/2024 5:00,560 ppm,78 %H,24.3 °C,AM319 Sensor 1
28/2/2024 4:00,575 ppm,78 %H,24.2 °C,AM319 Sensor 1
28/2/2024 3:00,591 ppm,77.9 %H,24.2 °C,AM319 Sensor 1
28/2/2024 2:00,605 ppm,77.7 %H,24.2 °C,AM319 Sensor 1
28/2/2024 1:00,625 ppm,77.5 %H,24.1 °C,AM319 Sensor 1
28/2/2024 0:00,636 ppm,77.6 %H,24.1 °C,AM319 Sensor 1
27/2/2024 23:00,647 ppm,78 %H,24.0 °C,AM319 Sensor 1
27/2/2024 22:00,646 ppm,78 %H,23.9 °C,AM319 Sensor 1
27/2/2024 21:00,647 ppm,78.1 %H,23.7 °C,AM319 Sensor 1
27/2/2024 20:00,657 ppm,78.6 %H,23.4 °C,AM319 Sensor 1
27/2/2024 19:00,688 ppm,78.9 %H,23.2 °C,AM319 Sensor 1
27/2/2024 18:00,739 ppm,78.8 %H,23.1 °C,AM319 Sensor 1
27/2/2024 17:00,796 ppm,78.5 %H,23.2 °C,AM319 Sensor 1
27/2/2024 16:00,876 ppm,78.1 %H,23.2 °C,AM319 Sensor 1
27/2/2024 15:00,939 ppm,77.3 %H,23.1 °C,AM319 Sensor 1
27/2/2024 14:00,986 ppm,77.3 %H,23.2 °C,AM319 Sensor 1
27/2/2024 13:00,1033 ppm,77.5 %H,23.2 °C,AM319 Sensor 1
27/2/2024 12:00,969 ppm,77.8 %H,23.3 °C,AM319 Sensor 1
27/2/2024 11:00,823 ppm,78.2 %H,23.2 °C,AM319 Sensor 1
27/2/2024 10:00,670 ppm,77.9 %H,23.3 °C,AM319 Sensor 1
27/2/2024 9:00,624 ppm,77.3 %H,23.3 °C,AM319 Sensor 1
27/2/2024 8:00,576 ppm,76 %H,23.7 °C,AM319 Sensor 1
27/2/2024 7:00,524 ppm,78 %H,24.6 °C,AM319 Sensor 1
27/2/2024 6:00,526 ppm,78 %H,24.5 °C,AM319 Sensor 1
27/2/2024 5:00,538 ppm,78 %H,24.5 °C,AM319 Sensor 1
27/2/2024 4:00,549 ppm,78 %H,24.5 °C,AM319 Sensor 1
27/2/2024 3:00,560 ppm,78 %H,24.4 °C,AM319 Sensor 1
27/2/2024 2:00,572 ppm,77.8 %H,24.4 °C,AM319 Sensor 1
27/2/2024 1:00,588 ppm,77.5 %H,24.4 °C,AM319 Sensor 1
27/2/2024 0:00,607 ppm,77.5 %H,24.3 °C,AM319 Sensor 1
26/2/2024 23:00,628 ppm,77.5 %H,24.2 °C,AM319 Sensor 1
26/2/2024 22:00,644 ppm,77.5 %H,24.1 °C,AM319 Sensor 1
26/2/2024 21:00,675 ppm,77.5 %H,23.9 °C,AM319 Sensor 1
26/2/2024 20:00,712 ppm,77.7 %H,23.6 °C,AM319 Sensor 1
26/2/2024 19:00,780 ppm,78.1 %H,23.3 °C,AM319 Sensor 1
26/2/2024 18:00,870 ppm,77.3 %H,23.3 °C,AM319 Sensor 1
26/2/2024 17:00,925 ppm,76.8 %H,23.3 °C,AM319 Sensor 1
26/2/2024 16:00,951 ppm,76.3 %H,23.2 °C,AM319 Sensor 1
26/2/2024 15:00,934 ppm,75.8 %H,23.2 °C,AM319 Sensor 1
26/2/2024 14:00,915 ppm,75.8 %H,23.2 °C,AM319 Sensor 1
26/2/2024 13:00,1008 ppm,75.5 %H,23.2 °C,AM319 Sensor 1
26/2/2024 12:00,931 ppm,76 %H,23.3 °C,AM319 Sensor 1
26/2/2024 11:00,746 ppm,76.9 %H,23.4 °C,AM319 Sensor 1
26/2/2024 10:00,626 ppm,77.3 %H,23.4 °C,AM319 Sensor 1
26/2/2024 9:00,538 ppm,76.2 %H,23.3 °C,AM319 Sensor 1
26/2/2024 8:00,521 ppm,76.6 %H,23.9 °C,AM319 Sensor 1
26/2/2024 7:00,484 ppm,79.5 %H,24.9 °C,AM319 Sensor 1
26/2/2024 6:00,489 ppm,79.5 %H,24.9 °C,AM319 Sensor 1
26/2/2024 5:00,498 ppm,79.5 %H,24.9 °C,AM319 Sensor 1
26/2/2024 4:00,505 ppm,79.5 %H,24.9 °C,AM319 Sensor 1
26/2/2024 3:00,511 ppm,79.5 %H,24.9 °C,AM319 Sensor 1
26/2/2024 2:00,518 ppm,79.5 %H,24.9 °C,AM319 Sensor 1
26/2/2024 1:00,524 ppm,79.2 %H,24.9 °C,AM319 Sensor 1
26/2/2024 0:00,536 ppm,79 %H,24.9 °C,AM319 Sensor 1
25/2/2024 23:00,539 ppm,79 %H,24.9 °C,AM319 Sensor 1
25/2/2024 22:00,545 ppm,79 %H,24.9 °C,AM319 Sensor 1
25/2/2024 21:00,550 ppm,78.9 %H,25.0 °C,AM319 Sensor 1
25/2/2024 20:00,560 ppm,78.5 %H,25 °C,AM319 Sensor 1
25/2/2024 19:00,563 ppm,78.5 %H,25.1 °C,AM319 Sensor 1
25/2/2024 18:00,567 ppm,78.5 %H,25.1 °C,AM319 Sensor 1
25/2/2024 17:00,569 ppm,78.5 %H,25.1 °C,AM319 Sensor 1
25/2/2024 16:00,569 ppm,78.5 %H,25 °C,AM319 Sensor 1
25/2/2024 15:00,570 ppm,78.5 %H,24.9 °C,AM319 Sensor 1
25/2/2024 14:00,573 ppm,79 %H,24.8 °C,AM319 Sensor 1
25/2/2024 13:00,596 ppm,79 %H,24.7 °C,AM319 Sensor 1
25/2/2024 12:00,611 ppm,79 %H,24.7 °C,AM319 Sensor 1
25/2/2024 11:00,580 ppm,79.1 %H,24.5 °C,AM319 Sensor 1
25/2/2024 10:00,500 ppm,79.4 %H,24.3 °C,AM319 Sensor 1
25/2/2024 9:00,445 ppm,79.5 %H,24.1 °C,AM319 Sensor 1
25/2/2024 8:00,450 ppm,79.5 %H,24.1 °C,AM319 Sensor 1
25/2/2024 7:00,450 ppm,79.5 %H,24 °C,AM319 Sensor 1
25/2/2024 6:00,449 ppm,79.5 %H,24.0 °C,AM319 Sensor 1
25/2/2024 5:00,455 ppm,79.5 %H,24.0 °C,AM319 Sensor 1
25/2/2024 4:00,456 ppm,79.5 %H,23.9 °C,AM319 Sensor 1
25/2/2024 3:00,462 ppm,79.5 %H,23.9 °C,AM319 Sensor 1
25/2/2024 2:00,465 ppm,79.5 %H,23.9 °C,AM319 Sensor 1
25/2/2024 1:00,473 ppm,79.5 %H,23.9 °C,AM319 Sensor 1
25/2/2024 0:00,476 ppm,79.5 %H,23.8 °C,AM319 Sensor 1
24/2/2024 23:00,477 ppm,79.5 %H,23.8 °C,AM319 Sensor 1
24/2/2024 22:00,480 ppm,79.5 %H,23.7 °C,AM319 Sensor 1
24/2/2024 21:00,480 ppm,79.8 %H,23.6 °C,AM319 Sensor 1
24/2/2024 20:00,470 ppm,80.2 %H,23.3 °C,AM319 Sensor 1
24/2/2024 19:00,478 ppm,80.3 %H,23.0 °C,AM319 Sensor 1
24/2/2024 18:00,487 ppm,79.8 %H,23.1 °C,AM319 Sensor 1
24/2/2024 17:00,495 ppm,79.8 %H,23.1 °C,AM319 Sensor 1
24/2/2024 16:00,490 ppm,79.5 %H,23.1 °C,AM319 Sensor 1
24/2/2024 15:00,490 ppm,79.8 %H,23.1 °C,AM319 Sensor 1
24/2/2024 14:00,490 ppm,80.1 %H,23.2 °C,AM319 Sensor 1
24/2/2024 13:00,491 ppm,79.8 %H,23.2 °C,AM319 Sensor 1
24/2/2024 12:00,489 ppm,80 %H,23.3 °C,AM319 Sensor 1
24/2/2024 11:00,495 ppm,80.2 %H,23.1 °C,AM319 Sensor 1
24/2/2024 10:00,514 ppm,80 %H,23.1 °C,AM319 Sensor 1
24/2/2024 9:00,529 ppm,79.9 %H,23.3 °C,AM319 Sensor 1
24/2/2024 8:00,555 ppm,78.7 %H,23.6 °C,AM319 Sensor 1
24/2/2024 7:00,563 ppm,79 %H,24.2 °C,AM319 Sensor 1
24/2/2024 6:00,571 ppm,78.8 %H,24.2 °C,AM319 Sensor 1
24/2/2024 5:00,603 ppm,78.5 %H,24.2 °C,AM319 Sensor 1
24/2/2024 4:00,627 ppm,78.5 %H,24.2 °C,AM319 Sensor 1
24/2/2024 3:00,636 ppm,78.5 %H,24.2 °C,AM319 Sensor 1
24/2/2024 2:00,641 ppm,78.5 %H,24.2 °C,AM319 Sensor 1
24/2/2024 1:00,639 ppm,78.5 %H,24.2 °C,AM319 Sensor 1
24/2/2024 0:00,639 ppm,78.5 %H,24.2 °C,AM319 Sensor 1
23/2/2024 23:00,633 ppm,78.4 %H,24.2 °C,AM319 Sensor 1
23/2/2024 22:00,634 ppm,78 %H,24.1 °C,AM319 Sensor 1
23/2/2024 21:00,629 ppm,78 %H,24.2 °C,AM319 Sensor 1
23/2/2024 20:00,628 ppm,78 %H,24.2 °C,AM319 Sensor 1
23/2/2024 19:00,641 ppm,78 %H,24.2 °C,AM319 Sensor 1
23/2/2024 18:00,660 ppm,78 %H,24.2 °C,AM319 Sensor 1
23/2/2024 17:00,662 ppm,78 %H,24.3 °C,AM319 Sensor 1
23/2/2024 16:00,664 ppm,78.4 %H,24.3 °C,AM319 Sensor 1
23/2/2024 15:00,669 ppm,78.5 %H,24.2 °C,AM319 Sensor 1
23/2/2024 14:00,683 ppm,78.5 %H,24.1 °C,AM319 Sensor 1
23/2/2024 13:00,728 ppm,79 %H,23.8 °C,AM319 Sensor 1
23/2/2024 12:00,762 ppm,79 %H,23.7 °C,AM319 Sensor 1
