"Time","CO2","Humidity","PM10","PM2.5","Temperature","TVOC"
2024-03-15 18:00:00,549 ppm,79 %H,20 μg/m³,19.3 μg/m³,23.1 °C,0.497 ppm
2024-03-15 16:00:00,546 ppm,78.8 %H,18.8 μg/m³,18 μg/m³,23.3 °C,0.488 ppm
2024-03-15 14:00:00,518 ppm,78.6 %H,19.7 μg/m³,18.8 μg/m³,23.3 °C,0.488 ppm
2024-03-15 12:00:00,497 ppm,79.0 %H,19.3 μg/m³,18.3 μg/m³,23.4 °C,0.489 ppm
2024-03-15 10:00:00,480 ppm,79.2 %H,18.2 μg/m³,17.3 μg/m³,23.2 °C,0.434 ppm
2024-03-15 08:00:00,484 ppm,78.4 %H,19.5 μg/m³,18.7 μg/m³,23.5 °C,0.470 ppm
2024-03-15 06:00:00,491 ppm,78 %H,18.3 μg/m³,17.8 μg/m³,24.3 °C,0.499 ppm
2024-03-15 04:00:00,504 ppm,78 %H,18.5 μg/m³,17.8 μg/m³,24.3 °C,0.507 ppm
2024-03-15 02:00:00,517 ppm,78 %H,19 μg/m³,17.8 μg/m³,24.2 °C,0.486 ppm
2024-03-15 00:00:00,530 ppm,78 %H,19.8 μg/m³,18.6 μg/m³,24.1 °C,0.552 ppm
2024-03-14 22:00:00,539 ppm,78 %H,18.3 μg/m³,17.5 μg/m³,23.9 °C,0.488 ppm
2024-03-14 20:00:00,546 ppm,78.0 %H,19.7 μg/m³,18.7 μg/m³,23.6 °C,0.404 ppm
2024-03-14 18:00:00,573 ppm,78.8 %H,18 μg/m³,17.6 μg/m³,23.2 °C,0.395 ppm
2024-03-14 16:00:00,614 ppm,77.8 %H,18 μg/m³,17.8 μg/m³,23.2 °C,0.368 ppm
2024-03-14 14:00:00,715 ppm,77.6 %H,16 μg/m³,15.3 μg/m³,23.2 °C,0.397 ppm
2024-03-14 12:00:00,784 ppm,77.5 %H,16.8 μg/m³,16.2 μg/m³,23.3 °C,0.467 ppm
2024-03-14 10:00:00,586 ppm,78 %H,16.8 μg/m³,16.3 μg/m³,23.5 °C,0.465 ppm
2024-03-14 08:00:00,467 ppm,77.8 %H,18.4 μg/m³,17.8 μg/m³,23.4 °C,0.355 ppm
2024-03-14 06:00:00,487 ppm,77.6 %H,19.9 μg/m³,19.5 μg/m³,24.4 °C,0.359 ppm
2024-03-14 04:00:00,505 ppm,77.5 %H,18.8 μg/m³,18.5 μg/m³,24.3 °C,0.383 ppm
2024-03-14 02:00:00,526 ppm,77.5 %H,21.3 μg/m³,20.7 μg/m³,24.2 °C,0.395 ppm
2024-03-14 00:00:00,553 ppm,77.5 %H,20.4 μg/m³,19.6 μg/m³,24.1 °C,0.386 ppm
2024-03-13 22:00:00,580 ppm,77.6 %H,20.2 μg/m³,19.8 μg/m³,24.0 °C,0.351 ppm
2024-03-13 20:00:00,610 ppm,78.2 %H,22.8 μg/m³,21.9 μg/m³,23.7 °C,0.373 ppm
2024-03-13 18:00:00,682 ppm,77.8 %H,18.2 μg/m³,17.4 μg/m³,23.2 °C,0.460 ppm
2024-03-13 16:00:00,694 ppm,77 %H,19.1 μg/m³,18.2 μg/m³,23.1 °C,0.443 ppm
2024-03-13 14:00:00,643 ppm,77.3 %H,20.6 μg/m³,19.8 μg/m³,23.1 °C,0.403 ppm
2024-03-13 12:00:00,606 ppm,78.4 %H,22.8 μg/m³,21.5 μg/m³,23.2 °C,0.507 ppm
2024-03-13 10:00:00,536 ppm,78.3 %H,21.3 μg/m³,20.3 μg/m³,23.2 °C,0.463 ppm
2024-03-13 08:00:00,496 ppm,77.8 %H,20.5 μg/m³,19.5 μg/m³,23.4 °C,0.438 ppm
2024-03-13 06:00:00,521 ppm,77.6 %H,19.5 μg/m³,18.9 μg/m³,24.4 °C,0.431 ppm
2024-03-13 04:00:00,545 ppm,77.5 %H,20.7 μg/m³,20 μg/m³,24.3 °C,0.478 ppm
2024-03-13 02:00:00,583 ppm,77.5 %H,21.3 μg/m³,20.3 μg/m³,24.3 °C,0.500 ppm
2024-03-13 00:00:00,627 ppm,77.5 %H,21.3 μg/m³,20.8 μg/m³,24.2 °C,0.513 ppm
2024-03-12 22:00:00,686 ppm,77.7 %H,20.8 μg/m³,20.3 μg/m³,24.0 °C,0.607 ppm
2024-03-12 20:00:00,763 ppm,78.2 %H,21.4 μg/m³,20.8 μg/m³,23.7 °C,0.657 ppm
2024-03-12 18:00:00,867 ppm,77.8 %H,17.9 μg/m³,17.2 μg/m³,23.2 °C,0.897 ppm
2024-03-12 16:00:00,824 ppm,77.1 %H,16.4 μg/m³,15.9 μg/m³,23.2 °C,0.654 ppm
2024-03-12 14:00:00,685 ppm,76.8 %H,15.9 μg/m³,15.3 μg/m³,23.2 °C,0.450 ppm
2024-03-12 12:00:00,590 ppm,77.4 %H,16.5 μg/m³,16.3 μg/m³,23.2 °C,0.403 ppm
2024-03-12 10:00:00,510 ppm,78.1 %H,20.4 μg/m³,19.9 μg/m³,23.2 °C,0.362 ppm
2024-03-12 08:00:00,476 ppm,77.8 %H,25.1 μg/m³,23.9 μg/m³,23.5 °C,0.393 ppm
2024-03-12 06:00:00,500 ppm,78 %H,25.6 μg/m³,24.5 μg/m³,24.6 °C,0.375 ppm
2024-03-12 04:00:00,523 ppm,78 %H,25.4 μg/m³,24.6 μg/m³,24.5 °C,0.386 ppm
2024-03-12 02:00:00,562 ppm,78.0 %H,25.1 μg/m³,24.8 μg/m³,24.4 °C,0.385 ppm
2024-03-12 00:00:00,606 ppm,77.5 %H,25.3 μg/m³,24.4 μg/m³,24.3 °C,0.379 ppm
2024-03-11 22:00:00,659 ppm,77.8 %H,24.7 μg/m³,23.9 μg/m³,24.1 °C,0.372 ppm
2024-03-11 20:00:00,724 ppm,78.2 %H,27.3 μg/m³,26.1 μg/m³,23.7 °C,0.351 ppm
2024-03-11 18:00:00,897 ppm,77.9 %H,21.3 μg/m³,20.4 μg/m³,23.1 °C,0.358 ppm
2024-03-11 16:00:00,1118 ppm,75.7 %H,20.3 μg/m³,19.7 μg/m³,23.3 °C,0.644 ppm
2024-03-11 14:00:00,919 ppm,76.3 %H,23.3 μg/m³,22.2 μg/m³,23.4 °C,0.570 ppm
2024-03-11 12:00:00,781 ppm,77.2 %H,25.2 μg/m³,24.3 μg/m³,23.4 °C,0.377 ppm
2024-03-11 10:00:00,642 ppm,78.3 %H,27.9 μg/m³,26.1 μg/m³,23.5 °C,0.331 ppm
2024-03-11 08:00:00,487 ppm,78.0 %H,29.4 μg/m³,28.5 μg/m³,23.7 °C,0.393 ppm
2024-03-11 06:00:00,492 ppm,79 %H,30.8 μg/m³,28.7 μg/m³,24.8 °C,0.415 ppm
2024-03-11 04:00:00,508 ppm,79 %H,31.7 μg/m³,30 μg/m³,24.8 °C,0.444 ppm
2024-03-11 02:00:00,533 ppm,79 %H,28.8 μg/m³,27.8 μg/m³,24.8 °C,0.482 ppm
2024-03-11 00:00:00,551 ppm,79 %H,30.3 μg/m³,28.8 μg/m³,24.8 °C,0.557 ppm
2024-03-10 22:00:00,570 ppm,78.8 %H,28.9 μg/m³,27.3 μg/m³,24.8 °C,0.618 ppm
2024-03-10 20:00:00,574 ppm,78.5 %H,29.9 μg/m³,28.2 μg/m³,24.8 °C,0.697 ppm
2024-03-10 18:00:00,562 ppm,78.5 %H,29.8 μg/m³,28.2 μg/m³,24.9 °C,0.738 ppm
2024-03-10 16:00:00,524 ppm,78.9 %H,27.5 μg/m³,26.1 μg/m³,24.9 °C,0.633 ppm
2024-03-10 14:00:00,473 ppm,79 %H,24.2 μg/m³,23 μg/m³,24.9 °C,0.436 ppm
2024-03-10 12:00:00,457 ppm,79.5 %H,19.3 μg/m³,18.1 μg/m³,24.7 °C,0.400 ppm
2024-03-10 10:00:00,451 ppm,79.5 %H,14.3 μg/m³,13.9 μg/m³,24.5 °C,0.408 ppm
2024-03-10 08:00:00,458 ppm,79.6 %H,13.8 μg/m³,13.3 μg/m³,24.3 °C,0.393 ppm
2024-03-10 06:00:00,467 ppm,79.8 %H,13.5 μg/m³,12.8 μg/m³,24.2 °C,0.435 ppm
2024-03-10 04:00:00,478 ppm,79.7 %H,13.1 μg/m³,12.8 μg/m³,24.2 °C,0.419 ppm
2024-03-10 02:00:00,491 ppm,79.5 %H,14.4 μg/m³,14.1 μg/m³,24.1 °C,0.463 ppm
2024-03-10 00:00:00,512 ppm,80.0 %H,15.8 μg/m³,15.1 μg/m³,24.0 °C,0.448 ppm
2024-03-09 22:00:00,524 ppm,80 %H,16.2 μg/m³,15.4 μg/m³,23.9 °C,0.411 ppm
2024-03-09 20:00:00,528 ppm,80.3 %H,16.3 μg/m³,15.6 μg/m³,23.6 °C,0.358 ppm
2024-03-09 18:00:00,543 ppm,80.3 %H,14 μg/m³,14 μg/m³,23.2 °C,0.362 ppm
2024-03-09 16:00:00,538 ppm,79.8 %H,16.1 μg/m³,15.6 μg/m³,23.2 °C,0.318 ppm
2024-03-09 14:00:00,531 ppm,80.0 %H,15.8 μg/m³,15.5 μg/m³,23.3 °C,0.312 ppm
2024-03-09 12:00:00,548 ppm,80.4 %H,18.7 μg/m³,17.7 μg/m³,23.2 °C,0.333 ppm
2024-03-09 10:00:00,577 ppm,80.7 %H,20.9 μg/m³,19.8 μg/m³,23.3 °C,0.401 ppm
2024-03-09 08:00:00,647 ppm,79.9 %H,19.8 μg/m³,19 μg/m³,23.5 °C,0.586 ppm
2024-03-09 06:00:00,695 ppm,79.5 %H,18.8 μg/m³,18.1 μg/m³,24.2 °C,0.660 ppm
2024-03-09 04:00:00,714 ppm,79.5 %H,17.5 μg/m³,17.3 μg/m³,24.1 °C,0.718 ppm
2024-03-09 02:00:00,714 ppm,79.5 %H,19.3 μg/m³,18.6 μg/m³,24.1 °C,0.813 ppm
2024-03-09 00:00:00,682 ppm,79.5 %H,19.1 μg/m³,17.5 μg/m³,24.0 °C,0.694 ppm
2024-03-08 22:00:00,658 ppm,79.6 %H,18.6 μg/m³,17.1 μg/m³,23.8 °C,0.560 ppm
2024-03-08 20:00:00,653 ppm,80.3 %H,18.8 μg/m³,17.5 μg/m³,23.5 °C,0.471 ppm
2024-03-08 18:00:00,713 ppm,80.4 %H,16.5 μg/m³,15.4 μg/m³,23.1 °C,0.354 ppm
2024-03-08 16:00:00,800 ppm,80.0 %H,15.4 μg/m³,14.4 μg/m³,23.2 °C,0.396 ppm
2024-03-08 14:00:00,829 ppm,78.8 %H,16.9 μg/m³,16.7 μg/m³,23.2 °C,0.645 ppm
2024-03-08 12:00:00,956 ppm,79.1 %H,17.9 μg/m³,16.9 μg/m³,23.3 °C,0.734 ppm
2024-03-08 10:00:00,764 ppm,80.0 %H,17.8 μg/m³,17 μg/m³,23.3 °C,0.484 ppm
2024-03-08 08:00:00,593 ppm,78.8 %H,17.6 μg/m³,17.2 μg/m³,23.3 °C,0.445 ppm
2024-03-08 06:00:00,520 ppm,80 %H,16.8 μg/m³,16.5 μg/m³,24.2 °C,0.371 ppm
2024-03-08 04:00:00,543 ppm,80 %H,17.9 μg/m³,17.3 μg/m³,24.1 °C,0.397 ppm
2024-03-08 02:00:00,568 ppm,79.7 %H,17.2 μg/m³,16.8 μg/m³,24.1 °C,0.432 ppm
2024-03-08 00:00:00,600 ppm,79.5 %H,16.8 μg/m³,16.1 μg/m³,24.0 °C,0.499 ppm
2024-03-07 22:00:00,632 ppm,80.0 %H,16.8 μg/m³,16 μg/m³,23.8 °C,0.453 ppm
2024-03-07 20:00:00,670 ppm,80.1 %H,17.2 μg/m³,16.4 μg/m³,23.5 °C,0.393 ppm
2024-03-07 18:00:00,763 ppm,80.4 %H,16.5 μg/m³,16.1 μg/m³,23.1 °C,0.337 ppm
2024-03-07 16:00:00,838 ppm,79.7 %H,17.5 μg/m³,16.8 μg/m³,23.2 °C,0.415 ppm
2024-03-07 14:00:00,887 ppm,78.3 %H,17.5 μg/m³,17.3 μg/m³,23.1 °C,0.332 ppm
2024-03-07 12:00:00,894 ppm,79.0 %H,20.4 μg/m³,19.1 μg/m³,23.3 °C,0.447 ppm
2024-03-07 10:00:00,751 ppm,79.9 %H,20.6 μg/m³,19.9 μg/m³,23.4 °C,0.504 ppm
2024-03-07 08:00:00,649 ppm,79.0 %H,19.8 μg/m³,19 μg/m³,23.4 °C,0.697 ppm
2024-03-07 06:00:00,595 ppm,79.5 %H,16.6 μg/m³,15.8 μg/m³,24.1 °C,0.710 ppm
2024-03-07 04:00:00,618 ppm,79.5 %H,15.6 μg/m³,14.6 μg/m³,24.0 °C,0.728 ppm
2024-03-07 02:00:00,643 ppm,79.5 %H,15.3 μg/m³,14.1 μg/m³,24.0 °C,0.699 ppm
2024-03-07 00:00:00,681 ppm,79.5 %H,15.6 μg/m³,14.6 μg/m³,23.9 °C,0.665 ppm
2024-03-06 22:00:00,722 ppm,79.5 %H,15.2 μg/m³,14.4 μg/m³,23.8 °C,0.645 ppm
2024-03-06 20:00:00,773 ppm,79.9 %H,14.8 μg/m³,13.3 μg/m³,23.6 °C,0.584 ppm
2024-03-06 18:00:00,865 ppm,79.3 %H,12.8 μg/m³,12.3 μg/m³,23.5 °C,0.502 ppm
2024-03-06 16:00:00,921 ppm,78.8 %H,11.2 μg/m³,11 μg/m³,23.5 °C,0.371 ppm
2024-03-06 14:00:00,1038 ppm,78.4 %H,12.3 μg/m³,11.8 μg/m³,23.6 °C,0.435 ppm
2024-03-06 12:00:00,1260 ppm,78.7 %H,9.55 μg/m³,9.36 μg/m³,23.7 °C,0.798 ppm
2024-03-06 10:00:00,834 ppm,80.5 %H,13.3 μg/m³,12.9 μg/m³,23.2 °C,0.628 ppm
2024-03-06 08:00:00,650 ppm,80.6 %H,12 μg/m³,11.6 μg/m³,23.2 °C,0.594 ppm
2024-03-06 06:00:00,582 ppm,80.3 %H,11.4 μg/m³,10.7 μg/m³,23.2 °C,0.548 ppm
2024-03-06 04:00:00,607 ppm,80.3 %H,10.2 μg/m³,9.92 μg/m³,23.3 °C,0.557 ppm
2024-03-06 02:00:00,633 ppm,80.3 %H,11.4 μg/m³,11.1 μg/m³,23.1 °C,0.515 ppm
2024-03-06 00:00:00,666 ppm,80.1 %H,10.8 μg/m³,10.5 μg/m³,23.1 °C,0.463 ppm
2024-03-05 22:00:00,700 ppm,80.0 %H,12.2 μg/m³,12.1 μg/m³,23.2 °C,0.501 ppm
2024-03-05 20:00:00,744 ppm,79.8 %H,14.5 μg/m³,13.9 μg/m³,23.1 °C,0.502 ppm
2024-03-05 18:00:00,835 ppm,79.5 %H,14.4 μg/m³,14 μg/m³,23.2 °C,0.464 ppm
2024-03-05 16:00:00,863 ppm,79.0 %H,14.5 μg/m³,14.4 μg/m³,23.2 °C,0.419 ppm
2024-03-05 14:00:00,891 ppm,78.1 %H,17.2 μg/m³,16.3 μg/m³,23.2 °C,0.341 ppm
2024-03-05 12:00:00,971 ppm,77.3 %H,17.2 μg/m³,16.7 μg/m³,23.3 °C,0.492 ppm
2024-03-05 10:00:00,803 ppm,77.4 %H,18.4 μg/m³,17.5 μg/m³,23.3 °C,0.634 ppm
2024-03-05 08:00:00,608 ppm,78.3 %H,15.8 μg/m³,14.9 μg/m³,23.5 °C,0.812 ppm
2024-03-05 06:00:00,543 ppm,78.5 %H,14.9 μg/m³,14.6 μg/m³,24.3 °C,0.450 ppm
2024-03-05 04:00:00,568 ppm,78.5 %H,16.1 μg/m³,15.4 μg/m³,24.3 °C,0.423 ppm
2024-03-05 02:00:00,590 ppm,78.5 %H,17.8 μg/m³,16.8 μg/m³,24.2 °C,0.459 ppm
2024-03-05 00:00:00,626 ppm,78.5 %H,19.3 μg/m³,18.8 μg/m³,24.1 °C,0.393 ppm
2024-03-04 22:00:00,666 ppm,78.5 %H,20.2 μg/m³,19.1 μg/m³,24.0 °C,0.435 ppm
2024-03-04 20:00:00,712 ppm,79.0 %H,23.3 μg/m³,22.7 μg/m³,23.6 °C,0.370 ppm
2024-03-04 18:00:00,815 ppm,78.8 %H,24 μg/m³,22.7 μg/m³,23.0 °C,0.443 ppm
2024-03-04 16:00:00,873 ppm,77.5 %H,28.1 μg/m³,26.8 μg/m³,23.1 °C,0.385 ppm
2024-03-04 14:00:00,984 ppm,77.1 %H,24.3 μg/m³,22.8 μg/m³,23.1 °C,0.376 ppm
2024-03-04 12:00:00,1063 ppm,75.9 %H,24.2 μg/m³,22.8 μg/m³,23.2 °C,0.585 ppm
2024-03-04 10:00:00,698 ppm,76.8 %H,20.8 μg/m³,20.5 μg/m³,23.2 °C,0.528 ppm
2024-03-04 08:00:00,527 ppm,76.5 %H,17.5 μg/m³,16.7 μg/m³,23.5 °C,0.659 ppm
2024-03-04 06:00:00,469 ppm,79.5 %H,14.8 μg/m³,14.1 μg/m³,24.8 °C,0.421 ppm
2024-03-04 04:00:00,480 ppm,79 %H,14.3 μg/m³,13.9 μg/m³,24.8 °C,0.455 ppm
2024-03-04 02:00:00,495 ppm,79 %H,13.9 μg/m³,13 μg/m³,24.8 °C,0.459 ppm
2024-03-04 00:00:00,510 ppm,79 %H,13.6 μg/m³,13.1 μg/m³,24.8 °C,0.498 ppm
2024-03-03 22:00:00,520 ppm,78.9 %H,13.8 μg/m³,13.3 μg/m³,24.7 °C,0.534 ppm
2024-03-03 20:00:00,516 ppm,78.5 %H,14.6 μg/m³,13.4 μg/m³,24.7 °C,0.577 ppm
2024-03-03 18:00:00,504 ppm,78.5 %H,12.8 μg/m³,12.4 μg/m³,24.8 °C,0.661 ppm
2024-03-03 16:00:00,468 ppm,78.5 %H,12.5 μg/m³,11.7 μg/m³,24.8 °C,0.638 ppm
2024-03-03 14:00:00,436 ppm,78.5 %H,12.1 μg/m³,11.4 μg/m³,24.7 °C,0.565 ppm
2024-03-03 12:00:00,420 ppm,78.5 %H,12.3 μg/m³,11.7 μg/m³,24.5 °C,0.549 ppm
2024-03-03 10:00:00,412 ppm,78.8 %H,11.9 μg/m³,11.7 μg/m³,24.4 °C,0.506 ppm
2024-03-03 08:00:00,421 ppm,79 %H,13.5 μg/m³,13.3 μg/m³,24.3 °C,0.473 ppm
2024-03-03 06:00:00,426 ppm,79 %H,13 μg/m³,12.6 μg/m³,24.2 °C,0.534 ppm
2024-03-03 04:00:00,435 ppm,79 %H,14.8 μg/m³,14.3 μg/m³,24.2 °C,0.544 ppm
2024-03-03 02:00:00,441 ppm,79 %H,15.1 μg/m³,14.4 μg/m³,24.1 °C,0.523 ppm
2024-03-03 00:00:00,454 ppm,79 %H,14 μg/m³,13.6 μg/m³,24.0 °C,0.503 ppm
2024-03-02 22:00:00,458 ppm,79 %H,14 μg/m³,13.1 μg/m³,23.9 °C,0.441 ppm
2024-03-02 20:00:00,459 ppm,79.5 %H,12.5 μg/m³,12.3 μg/m³,23.6 °C,0.417 ppm
2024-03-02 18:00:00,467 ppm,79.5 %H,13.3 μg/m³,12.4 μg/m³,23.1 °C,0.410 ppm
2024-03-02 16:00:00,466 ppm,79.3 %H,12.8 μg/m³,12.3 μg/m³,23.2 °C,0.423 ppm
2024-03-02 14:00:00,458 ppm,78.9 %H,13.4 μg/m³,13.3 μg/m³,23.2 °C,0.348 ppm
2024-03-02 12:00:00,471 ppm,78.4 %H,13.8 μg/m³,13.3 μg/m³,23.3 °C,0.318 ppm
2024-03-02 10:00:00,504 ppm,78.8 %H,13.8 μg/m³,13.1 μg/m³,23.2 °C,0.379 ppm
2024-03-02 08:00:00,565 ppm,77.3 %H,12.3 μg/m³,11.8 μg/m³,23.3 °C,0.368 ppm
2024-03-02 06:00:00,618 ppm,78 %H,12.8 μg/m³,12.5 μg/m³,24.4 °C,0.376 ppm
2024-03-02 04:00:00,653 ppm,77.5 %H,13 μg/m³,12.5 μg/m³,24.4 °C,0.466 ppm
2024-03-02 02:00:00,685 ppm,77.5 %H,14.9 μg/m³,13.5 μg/m³,24.3 °C,0.475 ppm
2024-03-02 00:00:00,718 ppm,77.5 %H,14.6 μg/m³,13.6 μg/m³,24.2 °C,0.518 ppm
2024-03-01 22:00:00,762 ppm,77.5 %H,13 μg/m³,12.7 μg/m³,24.0 °C,0.463 ppm
2024-03-01 20:00:00,841 ppm,78 %H,13.4 μg/m³,12.8 μg/m³,23.7 °C,0.373 ppm
2024-03-01 18:00:00,1039 ppm,77.7 %H,10.5 μg/m³,9.83 μg/m³,23.2 °C,0.643 ppm
2024-03-01 16:00:00,1118 ppm,76.4 %H,9.91 μg/m³,9.82 μg/m³,23.2 °C,0.796 ppm
2024-03-01 14:00:00,1051 ppm,76.5 %H,12 μg/m³,11.8 μg/m³,23.3 °C,0.571 ppm
2024-03-01 12:00:00,1036 ppm,76.5 %H,13 μg/m³,12.6 μg/m³,23.3 °C,0.701 ppm
2024-03-01 10:00:00,794 ppm,76.2 %H,12.8 μg/m³,12 μg/m³,23.2 °C,0.603 ppm
2024-03-01 08:00:00,579 ppm,75.9 %H,12.8 μg/m³,12.3 μg/m³,23.5 °C,0.470 ppm
2024-03-01 06:00:00,529 ppm,77.5 %H,12.2 μg/m³,11.7 μg/m³,24.6 °C,0.422 ppm
2024-03-01 04:00:00,546 ppm,77.0 %H,12.1 μg/m³,11.5 μg/m³,24.6 °C,0.376 ppm
2024-03-01 02:00:00,572 ppm,77 %H,12.4 μg/m³,12.2 μg/m³,24.6 °C,0.409 ppm
2024-03-01 00:00:00,593 ppm,77 %H,13.6 μg/m³,12.4 μg/m³,24.6 °C,0.408 ppm
2024-02-29 22:00:00,619 ppm,77 %H,11.9 μg/m³,10.9 μg/m³,24.7 °C,0.409 ppm
2024-02-29 20:00:00,638 ppm,77 %H,11.5 μg/m³,11.3 μg/m³,24.7 °C,0.423 ppm
2024-02-29 18:00:00,714 ppm,77 %H,11.6 μg/m³,10.8 μg/m³,24.8 °C,0.479 ppm
2024-02-29 16:00:00,824 ppm,77.5 %H,9.33 μg/m³,9.08 μg/m³,24.7 °C,0.608 ppm
2024-02-29 14:00:00,679 ppm,77.5 %H,11 μg/m³,10.9 μg/m³,24.1 °C,0.424 ppm
2024-02-29 12:00:00,708 ppm,78.3 %H,11.6 μg/m³,11.5 μg/m³,23.4 °C,0.453 ppm
2024-02-29 10:00:00,679 ppm,78.6 %H,12.5 μg/m³,12.1 μg/m³,23.3 °C,0.493 ppm
2024-02-29 08:00:00,636 ppm,77.0 %H,13.3 μg/m³,13 μg/m³,23.4 °C,0.633 ppm
2024-02-29 06:00:00,563 ppm,78 %H,13.3 μg/m³,12.7 μg/m³,24.3 °C,0.502 ppm
2024-02-29 04:00:00,589 ppm,77.8 %H,12.1 μg/m³,11.5 μg/m³,24.3 °C,0.449 ppm
2024-02-29 02:00:00,625 ppm,77.5 %H,12.6 μg/m³,12.1 μg/m³,24.2 °C,0.483 ppm
2024-02-29 00:00:00,666 ppm,77.5 %H,11.8 μg/m³,11.5 μg/m³,24.1 °C,0.433 ppm
2024-02-28 22:00:00,712 ppm,77.7 %H,10.9 μg/m³,10.7 μg/m³,24.0 °C,0.420 ppm
2024-02-28 20:00:00,776 ppm,78.1 %H,10.3 μg/m³,10.1 μg/m³,23.6 °C,0.413 ppm
2024-02-28 18:00:00,922 ppm,78.0 %H,9.92 μg/m³,9.58 μg/m³,23.2 °C,0.364 ppm
2024-02-28 16:00:00,1133 ppm,77.2 %H,9.42 μg/m³,9.08 μg/m³,23.4 °C,0.463 ppm
2024-02-28 14:00:00,1240 ppm,77 %H,10.5 μg/m³,10.3 μg/m³,23.5 °C,0.531 ppm
2024-02-28 12:00:00,1106 ppm,77.2 %H,12.4 μg/m³,11.6 μg/m³,23.2 °C,0.687 ppm
2024-02-28 10:00:00,721 ppm,78.3 %H,13.9 μg/m³,13.8 μg/m³,23.2 °C,0.443 ppm
2024-02-28 08:00:00,600 ppm,77.7 %H,15.1 μg/m³,14.4 μg/m³,23.5 °C,0.546 ppm
2024-02-28 06:00:00,542 ppm,78 %H,18.3 μg/m³,16.8 μg/m³,24.3 °C,0.378 ppm
2024-02-28 04:00:00,568 ppm,78 %H,18.5 μg/m³,17.3 μg/m³,24.3 °C,0.421 ppm
2024-02-28 02:00:00,598 ppm,77.8 %H,17.1 μg/m³,16.4 μg/m³,24.2 °C,0.438 ppm
2024-02-28 00:00:00,631 ppm,77.5 %H,18.3 μg/m³,17.4 μg/m³,24.1 °C,0.493 ppm
2024-02-27 22:00:00,646 ppm,78 %H,16.3 μg/m³,15.9 μg/m³,23.9 °C,0.490 ppm
2024-02-27 20:00:00,652 ppm,78.3 %H,16.3 μg/m³,15.8 μg/m³,23.6 °C,0.406 ppm
2024-02-27 18:00:00,713 ppm,78.8 %H,15.1 μg/m³,14.1 μg/m³,23.1 °C,0.437 ppm
2024-02-27 16:00:00,836 ppm,78.3 %H,14.8 μg/m³,14 μg/m³,23.2 °C,0.434 ppm
2024-02-27 14:00:00,962 ppm,77.3 %H,13.1 μg/m³,12.6 μg/m³,23.1 °C,0.426 ppm
2024-02-27 12:00:00,1001 ppm,77.6 %H,14.8 μg/m³,14.3 μg/m³,23.2 °C,0.461 ppm
2024-02-27 10:00:00,747 ppm,78.0 %H,18.1 μg/m³,17.4 μg/m³,23.2 °C,0.444 ppm
2024-02-27 08:00:00,600 ppm,76.7 %H,19.8 μg/m³,19 μg/m³,23.5 °C,0.538 ppm
2024-02-27 06:00:00,525 ppm,78 %H,21.9 μg/m³,20.7 μg/m³,24.6 °C,0.442 ppm
2024-02-27 04:00:00,544 ppm,78 %H,22 μg/m³,21.2 μg/m³,24.5 °C,0.475 ppm
2024-02-27 02:00:00,566 ppm,77.9 %H,21.8 μg/m³,20.9 μg/m³,24.4 °C,0.498 ppm
2024-02-27 00:00:00,598 ppm,77.5 %H,22.3 μg/m³,21 μg/m³,24.3 °C,0.438 ppm
2024-02-26 22:00:00,636 ppm,77.5 %H,21.3 μg/m³,20.8 μg/m³,24.2 °C,0.392 ppm
2024-02-26 20:00:00,693 ppm,77.6 %H,20.8 μg/m³,19.8 μg/m³,23.7 °C,0.348 ppm
2024-02-26 18:00:00,825 ppm,77.7 %H,17.7 μg/m³,16.9 μg/m³,23.3 °C,0.364 ppm
2024-02-26 16:00:00,938 ppm,76.5 %H,17.6 μg/m³,17.3 μg/m³,23.3 °C,0.393 ppm
2024-02-26 14:00:00,924 ppm,75.8 %H,22.5 μg/m³,22.1 μg/m³,23.2 °C,0.373 ppm
2024-02-26 12:00:00,970 ppm,75.8 %H,26.3 μg/m³,25.5 μg/m³,23.3 °C,0.453 ppm
2024-02-26 10:00:00,686 ppm,77.1 %H,26.7 μg/m³,26 μg/m³,23.4 °C,0.408 ppm
2024-02-26 08:00:00,530 ppm,76.4 %H,21.4 μg/m³,21 μg/m³,23.6 °C,0.453 ppm
2024-02-26 06:00:00,487 ppm,79.5 %H,23.8 μg/m³,23.2 μg/m³,24.9 °C,0.383 ppm
2024-02-26 04:00:00,501 ppm,79.5 %H,21.8 μg/m³,21.2 μg/m³,24.9 °C,0.397 ppm
2024-02-26 02:00:00,515 ppm,79.5 %H,22 μg/m³,21.9 μg/m³,24.9 °C,0.357 ppm
2024-02-26 00:00:00,530 ppm,79.1 %H,23.3 μg/m³,22 μg/m³,24.9 °C,0.404 ppm
2024-02-25 22:00:00,542 ppm,79 %H,22.3 μg/m³,21.9 μg/m³,24.9 °C,0.388 ppm
2024-02-25 20:00:00,555 ppm,78.7 %H,22.6 μg/m³,22.2 μg/m³,25.0 °C,0.382 ppm
2024-02-25 18:00:00,565 ppm,78.5 %H,19.6 μg/m³,19.1 μg/m³,25.1 °C,0.475 ppm
2024-02-25 16:00:00,569 ppm,78.5 %H,14.7 μg/m³,14.3 μg/m³,25.1 °C,0.488 ppm
2024-02-25 14:00:00,572 ppm,78.8 %H,14.3 μg/m³,13.8 μg/m³,24.9 °C,0.524 ppm
2024-02-25 12:00:00,604 ppm,79 %H,13.3 μg/m³,12.6 μg/m³,24.7 °C,0.516 ppm
2024-02-25 10:00:00,540 ppm,79.3 %H,13.1 μg/m³,12.6 μg/m³,24.4 °C,0.438 ppm
2024-02-25 08:00:00,448 ppm,79.5 %H,12 μg/m³,11.8 μg/m³,24.1 °C,0.444 ppm
2024-02-25 06:00:00,449 ppm,79.5 %H,11.9 μg/m³,11.6 μg/m³,24.0 °C,0.392 ppm
2024-02-25 04:00:00,456 ppm,79.5 %H,11.1 μg/m³,11 μg/m³,23.9 °C,0.432 ppm
2024-02-25 02:00:00,464 ppm,79.5 %H,11.4 μg/m³,11.3 μg/m³,23.9 °C,0.427 ppm
2024-02-25 00:00:00,475 ppm,79.5 %H,12.2 μg/m³,11.5 μg/m³,23.8 °C,0.471 ppm
2024-02-24 22:00:00,478 ppm,79.5 %H,12.8 μg/m³,12.2 μg/m³,23.7 °C,0.454 ppm
2024-02-24 20:00:00,475 ppm,80.0 %H,11.9 μg/m³,11.8 μg/m³,23.4 °C,0.362 ppm
2024-02-24 18:00:00,483 ppm,80 %H,12.3 μg/m³,12.1 μg/m³,23.1 °C,0.393 ppm
2024-02-24 16:00:00,492 ppm,79.7 %H,12 μg/m³,11.4 μg/m³,23.1 °C,0.409 ppm
2024-02-24 14:00:00,490 ppm,80.0 %H,12.3 μg/m³,11.6 μg/m³,23.1 °C,0.384 ppm
2024-02-24 12:00:00,490 ppm,79.9 %H,12.6 μg/m³,12.4 μg/m³,23.2 °C,0.437 ppm
2024-02-24 10:00:00,504 ppm,80.1 %H,12.6 μg/m³,11.2 μg/m³,23.1 °C,0.390 ppm
2024-02-24 08:00:00,542 ppm,79.3 %H,11 μg/m³,10.9 μg/m³,23.4 °C,0.418 ppm
2024-02-24 06:00:00,567 ppm,78.9 %H,11 μg/m³,10.8 μg/m³,24.2 °C,0.438 ppm
2024-02-24 04:00:00,615 ppm,78.5 %H,11.2 μg/m³,10.8 μg/m³,24.2 °C,0.522 ppm
2024-02-24 02:00:00,639 ppm,78.5 %H,10.8 μg/m³,10.7 μg/m³,24.2 °C,0.578 ppm
2024-02-24 00:00:00,639 ppm,78.5 %H,11.8 μg/m³,11.3 μg/m³,24.2 °C,0.514 ppm
2024-02-23 22:00:00,633 ppm,78.2 %H,12.7 μg/m³,12.3 μg/m³,24.2 °C,0.422 ppm
2024-02-23 20:00:00,628 ppm,78 %H,13.4 μg/m³,12.8 μg/m³,24.2 °C,0.301 ppm
2024-02-23 18:00:00,650 ppm,78 %H,13 μg/m³,12.5 μg/m³,24.2 °C,0.373 ppm
2024-02-23 16:00:00,663 ppm,78.2 %H,12.7 μg/m³,11.8 μg/m³,24.3 °C,0.401 ppm
2024-02-23 14:00:00,676 ppm,78.5 %H,13.9 μg/m³,13.4 μg/m³,24.1 °C,0.382 ppm
2024-02-23 12:00:00,755 ppm,79.0 %H,13.4 μg/m³,12.7 μg/m³,23.7 °C,0.330 ppm
2024-02-23 10:00:00,788 ppm,80.3 %H,12.9 μg/m³,11.9 μg/m³,23.3 °C,0.381 ppm
2024-02-23 08:00:00,759 ppm,79.8 %H,11.2 μg/m³,11 μg/m³,23.2 °C,0.346 ppm
2024-02-23 06:00:00,706 ppm,79.3 %H,11.5 μg/m³,11.3 μg/m³,24.0 °C,0.412 ppm
2024-02-23 04:00:00,741 ppm,79.5 %H,11.1 μg/m³,10.3 μg/m³,24.0 °C,0.483 ppm
2024-02-23 02:00:00,786 ppm,79.5 %H,11 μg/m³,10.6 μg/m³,24.0 °C,0.593 ppm
2024-02-23 00:00:00,831 ppm,79.5 %H,13.1 μg/m³,12.4 μg/m³,23.9 °C,0.570 ppm
2024-02-22 22:00:00,884 ppm,79.5 %H,13 μg/m³,12.4 μg/m³,23.8 °C,0.488 ppm
2024-02-22 20:00:00,965 ppm,80.0 %H,13.3 μg/m³,12.9 μg/m³,23.5 °C,0.424 ppm
2024-02-22 18:00:00,1173 ppm,79.6 %H,12.6 μg/m³,12.3 μg/m³,23.1 °C,0.661 ppm
2024-02-22 16:00:00,1141 ppm,78.7 %H,13.3 μg/m³,13.2 μg/m³,23.2 °C,0.620 ppm
2024-02-22 14:00:00,1125 ppm,78.5 %H,16.2 μg/m³,15 μg/m³,23.3 °C,0.463 ppm
2024-02-22 12:00:00,1269 ppm,78.5 %H,13 μg/m³,12.7 μg/m³,23.2 °C,0.572 ppm
2024-02-22 10:00:00,968 ppm,79.5 %H,13.8 μg/m³,13.2 μg/m³,23.2 °C,0.670 ppm
2024-02-22 08:00:00,694 ppm,79.5 %H,12.7 μg/m³,11.8 μg/m³,23.4 °C,0.477 ppm
2024-02-22 06:00:00,664 ppm,79.5 %H,11.3 μg/m³,10.9 μg/m³,24.2 °C,0.388 ppm
2024-02-22 04:00:00,706 ppm,79.5 %H,12.4 μg/m³,11.5 μg/m³,24.1 °C,0.404 ppm
2024-02-22 02:00:00,758 ppm,79.5 %H,11.4 μg/m³,11.1 μg/m³,24.1 °C,0.438 ppm
2024-02-22 00:00:00,834 ppm,79.5 %H,12.3 μg/m³,11.4 μg/m³,24 °C,0.431 ppm
2024-02-21 22:00:00,928 ppm,79.5 %H,12.9 μg/m³,11.8 μg/m³,23.9 °C,0.537 ppm
2024-02-21 20:00:00,1060 ppm,79.9 %H,12.4 μg/m³,10.8 μg/m³,23.6 °C,0.688 ppm
2024-02-21 18:00:00,1215 ppm,79.9 %H,8.92 μg/m³,8.42 μg/m³,23.2 °C,0.958 ppm
2024-02-21 16:00:00,1084 ppm,78.3 %H,10.6 μg/m³,10.2 μg/m³,23.1 °C,0.681 ppm
2024-02-21 14:00:00,844 ppm,78.3 %H,13.8 μg/m³,13.3 μg/m³,23.2 °C,0.405 ppm
2024-02-21 12:00:00,999 ppm,78.6 %H,13.9 μg/m³,13.3 μg/m³,23.3 °C,0.641 ppm
2024-02-21 10:00:00,933 ppm,77.1 %H,12.8 μg/m³,12.3 μg/m³,23.4 °C,0.753 ppm
2024-02-21 08:00:00,660 ppm,79.8 %H,14.8 μg/m³,13.8 μg/m³,24.4 °C,0.530 ppm
2024-02-21 06:00:00,614 ppm,80 %H,13.2 μg/m³,13 μg/m³,24.2 °C,0.412 ppm
2024-02-21 04:00:00,636 ppm,80 %H,13.2 μg/m³,12.3 μg/m³,24.1 °C,0.406 ppm
2024-02-21 02:00:00,656 ppm,80 %H,13 μg/m³,12.7 μg/m³,24.1 °C,0.414 ppm
2024-02-21 00:00:00,684 ppm,80 %H,14.9 μg/m³,14.1 μg/m³,24.0 °C,0.436 ppm
2024-02-20 22:00:00,711 ppm,80 %H,14.8 μg/m³,13.8 μg/m³,23.9 °C,0.442 ppm
2024-02-20 20:00:00,742 ppm,80 %H,13.5 μg/m³,13 μg/m³,23.6 °C,0.438 ppm
2024-02-20 18:00:00,821 ppm,80 %H,13 μg/m³,13 μg/m³,23.3 °C,0.584 ppm
2024-02-20 16:00:00,830 ppm,79.6 %H,12.3 μg/m³,11.8 μg/m³,23.3 °C,0.579 ppm
2024-02-20 14:00:00,772 ppm,79.3 %H,11 μg/m³,10.8 μg/m³,23.2 °C,0.553 ppm
2024-02-20 12:00:00,719 ppm,80.0 %H,12.6 μg/m³,12.5 μg/m³,23.2 °C,0.515 ppm
2024-02-20 10:00:00,638 ppm,80.0 %H,14 μg/m³,13.3 μg/m³,23.2 °C,0.434 ppm
2024-02-20 08:00:00,623 ppm,79.6 %H,15.4 μg/m³,14.5 μg/m³,23.5 °C,0.421 ppm
2024-02-20 06:00:00,672 ppm,79.5 %H,13.8 μg/m³,13.5 μg/m³,24.3 °C,0.337 ppm
2024-02-20 04:00:00,726 ppm,79 %H,15.5 μg/m³,14.8 μg/m³,24.3 °C,0.369 ppm
2024-02-20 02:00:00,801 ppm,79 %H,14.8 μg/m³,14.3 μg/m³,24.2 °C,0.365 ppm
2024-02-20 00:00:00,901 ppm,78.8 %H,14.3 μg/m³,13.6 μg/m³,24.1 °C,0.366 ppm
2024-02-19 22:00:00,1033 ppm,78.5 %H,13.9 μg/m³,13.2 μg/m³,24.0 °C,0.348 ppm
2024-02-19 20:00:00,1248 ppm,78.6 %H,12.5 μg/m³,11.8 μg/m³,23.7 °C,0.363 ppm
2024-02-19 18:00:00,1714 ppm,77.4 %H,8.58 μg/m³,8.25 μg/m³,23.3 °C,0.850 ppm
2024-02-19 16:00:00,1730 ppm,73.3 %H,6.83 μg/m³,6.83 μg/m³,23.8 °C,1.22 ppm
2024-02-19 14:00:00,1032 ppm,76.2 %H,9.75 μg/m³,9.42 μg/m³,23.7 °C,0.532 ppm
2024-02-19 12:00:00,986 ppm,78.2 %H,8.58 μg/m³,8.08 μg/m³,23.4 °C,0.470 ppm
2024-02-19 10:00:00,723 ppm,78.5 %H,13.6 μg/m³,12.4 μg/m³,23.2 °C,0.469 ppm
2024-02-19 08:00:00,532 ppm,78.7 %H,16.4 μg/m³,16 μg/m³,23.5 °C,0.513 ppm
2024-02-19 06:00:00,476 ppm,80 %H,19.3 μg/m³,18.8 μg/m³,24.6 °C,0.391 ppm
2024-02-19 04:00:00,478 ppm,80 %H,18.1 μg/m³,17.5 μg/m³,24.6 °C,0.397 ppm
2024-02-19 02:00:00,483 ppm,80 %H,19.8 μg/m³,19.3 μg/m³,24.6 °C,0.403 ppm
2024-02-19 00:00:00,488 ppm,80 %H,19.4 μg/m³,19.3 μg/m³,24.6 °C,0.388 ppm
2024-02-18 22:00:00,495 ppm,79.7 %H,21.6 μg/m³,21.3 μg/m³,24.7 °C,0.380 ppm
2024-02-18 20:00:00,496 ppm,79.5 %H,24.4 μg/m³,23.8 μg/m³,24.7 °C,0.335 ppm
2024-02-18 18:00:00,488 ppm,79.5 %H,23.5 μg/m³,22.9 μg/m³,24.7 °C,0.399 ppm
2024-02-18 16:00:00,483 ppm,79.5 %H,23.4 μg/m³,22.5 μg/m³,24.8 °C,0.433 ppm
2024-02-18 14:00:00,484 ppm,79.5 %H,24.9 μg/m³,23.3 μg/m³,24.7 °C,0.409 ppm
2024-02-18 12:00:00,486 ppm,79.8 %H,25.3 μg/m³,23.9 μg/m³,24.4 °C,0.406 ppm
2024-02-18 10:00:00,504 ppm,80 %H,24.3 μg/m³,23.7 μg/m³,24.2 °C,0.468 ppm
2024-02-18 08:00:00,521 ppm,80 %H,21.3 μg/m³,21 μg/m³,24.0 °C,0.447 ppm
2024-02-18 06:00:00,530 ppm,80 %H,20.8 μg/m³,20.2 μg/m³,24.0 °C,0.504 ppm
2024-02-18 04:00:00,542 ppm,80 %H,21.8 μg/m³,20.4 μg/m³,23.9 °C,0.524 ppm
2024-02-18 02:00:00,546 ppm,80 %H,19.8 μg/m³,19.3 μg/m³,23.9 °C,0.577 ppm
2024-02-18 00:00:00,542 ppm,80.3 %H,20 μg/m³,19.2 μg/m³,23.8 °C,0.659 ppm
2024-02-17 22:00:00,520 ppm,80.5 %H,20.3 μg/m³,19.9 μg/m³,23.7 °C,0.663 ppm
2024-02-17 20:00:00,499 ppm,80.9 %H,20.4 μg/m³,19.7 μg/m³,23.4 °C,0.555 ppm
2024-02-17 18:00:00,489 ppm,81.3 %H,19.7 μg/m³,18.8 μg/m³,23.1 °C,0.418 ppm
2024-02-17 16:00:00,494 ppm,81.0 %H,19.7 μg/m³,19.3 μg/m³,23.1 °C,0.409 ppm
2024-02-17 14:00:00,502 ppm,81 %H,19.8 μg/m³,19 μg/m³,23.0 °C,0.467 ppm
2024-02-17 12:00:00,511 ppm,80.8 %H,19.1 μg/m³,18.5 μg/m³,23.1 °C,0.393 ppm
2024-02-17 10:00:00,534 ppm,80.8 %H,20.4 μg/m³,19.3 μg/m³,23.1 °C,0.389 ppm
2024-02-17 08:00:00,574 ppm,80.2 %H,19.3 μg/m³,18.5 μg/m³,23.3 °C,0.413 ppm
2024-02-17 06:00:00,607 ppm,79.5 %H,18.8 μg/m³,18.3 μg/m³,23.9 °C,0.389 ppm
2024-02-17 04:00:00,646 ppm,79.5 %H,18.2 μg/m³,17.2 μg/m³,23.9 °C,0.397 ppm
2024-02-17 02:00:00,694 ppm,79.5 %H,17.8 μg/m³,17.2 μg/m³,23.8 °C,0.381 ppm
2024-02-17 00:00:00,751 ppm,79.5 %H,17.7 μg/m³,17.2 μg/m³,23.8 °C,0.339 ppm
2024-02-16 22:00:00,826 ppm,79.9 %H,17.8 μg/m³,17.3 μg/m³,23.7 °C,0.360 ppm
2024-02-16 20:00:00,915 ppm,80.4 %H,17.1 μg/m³,16.7 μg/m³,23.3 °C,0.447 ppm
2024-02-16 18:00:00,1098 ppm,80.1 %H,17 μg/m³,16.1 μg/m³,23.0 °C,0.663 ppm
2024-02-16 16:00:00,1022 ppm,79.3 %H,18.6 μg/m³,17.8 μg/m³,23.0 °C,0.608 ppm
2024-02-16 14:00:00,854 ppm,79.4 %H,15.8 μg/m³,15.1 μg/m³,23.1 °C,0.408 ppm
2024-02-16 12:00:00,853 ppm,79.0 %H,16 μg/m³,15.4 μg/m³,23.2 °C,0.361 ppm
2024-02-16 10:00:00,886 ppm,78.4 %H,17 μg/m³,16.4 μg/m³,23.7 °C,0.301 ppm
2024-02-16 08:00:00,573 ppm,80 %H,20.5 μg/m³,19.7 μg/m³,24 °C,0.835 ppm
2024-02-16 06:00:00,576 ppm,80 %H,22.1 μg/m³,21.1 μg/m³,24.0 °C,0.805 ppm
2024-02-16 04:00:00,604 ppm,80 %H,21.5 μg/m³,20.6 μg/m³,23.9 °C,0.818 ppm
2024-02-16 02:00:00,636 ppm,80 %H,20.9 μg/m³,20.5 μg/m³,23.9 °C,0.832 ppm
2024-02-16 00:00:00,676 ppm,80 %H,19.1 μg/m³,18.6 μg/m³,23.8 °C,0.864 ppm
2024-02-15 22:00:00,721 ppm,80 %H,18.6 μg/m³,17.7 μg/m³,23.6 °C,0.863 ppm
2024-02-15 20:00:00,771 ppm,80.4 %H,17.1 μg/m³,16.4 μg/m³,23.3 °C,0.823 ppm
2024-02-15 18:00:00,912 ppm,80.8 %H,14.4 μg/m³,13.8 μg/m³,22.9 °C,1.01 ppm
2024-02-15 16:00:00,1027 ppm,80.3 %H,10.7 μg/m³,10.5 μg/m³,23.0 °C,1.16 ppm
2024-02-15 14:00:00,1019 ppm,80.2 %H,10.9 μg/m³,10.1 μg/m³,23.1 °C,1.26 ppm
2024-02-15 12:00:00,1102 ppm,80.3 %H,11.8 μg/m³,11.4 μg/m³,23.2 °C,1.42 ppm
2024-02-15 10:00:00,782 ppm,79.8 %H,11.2 μg/m³,10.6 μg/m³,23.2 °C,1.02 ppm
2024-02-15 08:00:00,485 ppm,79.3 %H,6.06 μg/m³,5.83 μg/m³,23.4 °C,0.854 ppm
2024-02-15 06:00:00,493 ppm,79.5 %H,6.18 μg/m³,5.71 μg/m³,24.1 °C,0.826 ppm
2024-02-15 04:00:00,504 ppm,79.5 %H,6 μg/m³,5.82 μg/m³,24 °C,0.858 ppm
2024-02-15 02:00:00,511 ppm,79.5 %H,6 μg/m³,5.94 μg/m³,23.9 °C,0.827 ppm
2024-02-15 00:00:00,515 ppm,79.5 %H,6.12 μg/m³,5.94 μg/m³,23.8 °C,0.847 ppm
2024-02-14 22:00:00,518 ppm,79.5 %H,5.35 μg/m³,5.06 μg/m³,23.7 °C,0.814 ppm
2024-02-14 20:00:00,513 ppm,79.5 %H,5.82 μg/m³,5.47 μg/m³,23.3 °C,0.770 ppm
2024-02-14 18:00:00,509 ppm,79.6 %H,5.33 μg/m³,5.11 μg/m³,23.0 °C,0.789 ppm
2024-02-14 16:00:00,501 ppm,79.6 %H,5.65 μg/m³,5.35 μg/m³,23.2 °C,0.838 ppm
2024-02-14 14:00:00,499 ppm,79.6 %H,6.18 μg/m³,5.94 μg/m³,23.2 °C,0.875 ppm
2024-02-14 12:00:00,483 ppm,79.8 %H,7.88 μg/m³,7.65 μg/m³,23.3 °C,0.890 ppm
2024-02-14 10:00:00,465 ppm,79.8 %H,8.76 μg/m³,8.47 μg/m³,23.3 °C,0.819 ppm
2024-02-14 08:00:00,465 ppm,79.0 %H,6.71 μg/m³,6.53 μg/m³,23.5 °C,0.845 ppm
2024-02-14 06:00:00,474 ppm,79 %H,5.35 μg/m³,5.24 μg/m³,24.2 °C,0.833 ppm
2024-02-14 04:00:00,482 ppm,79 %H,6.44 μg/m³,6.06 μg/m³,24.2 °C,0.858 ppm
2024-02-14 02:00:00,491 ppm,79 %H,6.59 μg/m³,6.24 μg/m³,24.1 °C,0.848 ppm
2024-02-14 00:00:00,500 ppm,79.1 %H,6.29 μg/m³,5.76 μg/m³,24.0 °C,0.803 ppm
2024-02-13 22:00:00,507 ppm,79.5 %H,5.71 μg/m³,5.53 μg/m³,23.9 °C,0.808 ppm
2024-02-13 20:00:00,502 ppm,79.7 %H,6.12 μg/m³,5.88 μg/m³,23.6 °C,0.772 ppm
2024-02-13 18:00:00,485 ppm,79.6 %H,6.18 μg/m³,6.12 μg/m³,23.0 °C,0.699 ppm
2024-02-13 16:00:00,462 ppm,79.6 %H,7.35 μg/m³,6.94 μg/m³,23.1 °C,0.688 ppm
2024-02-13 14:00:00,437 ppm,79.5 %H,7.33 μg/m³,7.33 μg/m³,23.2 °C,0.717 ppm
2024-02-13 12:00:00,429 ppm,79.5 %H,7.47 μg/m³,7.06 μg/m³,23.3 °C,0.649 ppm
2024-02-13 10:00:00,428 ppm,78.9 %H,7.41 μg/m³,7.18 μg/m³,23.2 °C,0.658 ppm
2024-02-13 08:00:00,432 ppm,77.6 %H,5.82 μg/m³,5.71 μg/m³,23.5 °C,0.840 ppm
2024-02-13 06:00:00,432 ppm,79 %H,7.06 μg/m³,6.71 μg/m³,24.5 °C,0.806 ppm
2024-02-13 04:00:00,435 ppm,79 %H,6.59 μg/m³,6.59 μg/m³,24.4 °C,0.765 ppm
2024-02-13 02:00:00,445 ppm,79 %H,6.18 μg/m³,5.94 μg/m³,24.3 °C,0.782 ppm
2024-02-13 00:00:00,453 ppm,79 %H,6.22 μg/m³,6.11 μg/m³,24.2 °C,0.752 ppm
2024-02-12 22:00:00,456 ppm,79 %H,5.41 μg/m³,5.35 μg/m³,24.0 °C,0.684 ppm
2024-02-12 20:00:00,453 ppm,79.3 %H,5.94 μg/m³,5.65 μg/m³,23.6 °C,0.649 ppm
2024-02-12 18:00:00,439 ppm,79.1 %H,5.18 μg/m³,4.94 μg/m³,23.1 °C,0.669 ppm
2024-02-12 16:00:00,429 ppm,79.0 %H,6.12 μg/m³,5.82 μg/m³,23.2 °C,0.664 ppm
2024-02-12 14:00:00,427 ppm,78.4 %H,8.24 μg/m³,7.53 μg/m³,23.2 °C,0.623 ppm
2024-02-12 12:00:00,425 ppm,78.5 %H,8 μg/m³,7.59 μg/m³,23.2 °C,0.657 ppm
2024-02-12 10:00:00,428 ppm,78.5 %H,7.94 μg/m³,7.72 μg/m³,23.3 °C,0.696 ppm
2024-02-12 08:00:00,429 ppm,76.8 %H,6.94 μg/m³,6.53 μg/m³,23.7 °C,0.902 ppm
2024-02-12 06:00:00,436 ppm,80 %H,6.76 μg/m³,6.59 μg/m³,25 °C,0.868 ppm
2024-02-12 04:00:00,442 ppm,80 %H,7.35 μg/m³,7 μg/m³,25.0 °C,0.833 ppm
2024-02-12 02:00:00,445 ppm,80 %H,7.35 μg/m³,7.06 μg/m³,24.9 °C,0.853 ppm
2024-02-12 00:00:00,457 ppm,79.9 %H,7.53 μg/m³,7.24 μg/m³,24.9 °C,0.810 ppm
2024-02-11 22:00:00,460 ppm,79.5 %H,7.59 μg/m³,7.29 μg/m³,24.9 °C,0.786 ppm
2024-02-11 20:00:00,462 ppm,79.5 %H,8.44 μg/m³,8.28 μg/m³,25 °C,0.771 ppm
2024-02-11 18:00:00,460 ppm,79.5 %H,10 μg/m³,9.29 μg/m³,25.1 °C,0.809 ppm
2024-02-11 16:00:00,453 ppm,79.5 %H,10.7 μg/m³,10.2 μg/m³,25.1 °C,0.870 ppm
2024-02-11 14:00:00,441 ppm,79.5 %H,11.8 μg/m³,11.3 μg/m³,24.9 °C,0.828 ppm
2024-02-11 12:00:00,430 ppm,79.7 %H,11.2 μg/m³,11 μg/m³,24.7 °C,0.782 ppm
2024-02-11 10:00:00,429 ppm,80 %H,9.06 μg/m³,8.88 μg/m³,24.4 °C,0.773 ppm
2024-02-11 08:00:00,425 ppm,80 %H,8.65 μg/m³,8.41 μg/m³,24.2 °C,0.737 ppm
2024-02-11 06:00:00,424 ppm,80 %H,7.28 μg/m³,6.89 μg/m³,24.1 °C,0.755 ppm
2024-02-11 04:00:00,421 ppm,80 %H,7.65 μg/m³,7.29 μg/m³,24.1 °C,0.694 ppm
2024-02-11 02:00:00,416 ppm,80 %H,7.18 μg/m³,6.94 μg/m³,24.0 °C,0.654 ppm
2024-02-11 00:00:00,423 ppm,80 %H,6.65 μg/m³,6.59 μg/m³,23.9 °C,0.679 ppm
2024-02-10 22:00:00,424 ppm,80 %H,7.24 μg/m³,7.12 μg/m³,23.8 °C,0.622 ppm
2024-02-10 20:00:00,426 ppm,80.5 %H,7.71 μg/m³,7.47 μg/m³,23.5 °C,0.618 ppm
2024-02-10 18:00:00,428 ppm,80.6 %H,7.65 μg/m³,7.35 μg/m³,23.2 °C,0.685 ppm
2024-02-10 16:00:00,424 ppm,80.6 %H,7.78 μg/m³,7.33 μg/m³,23.2 °C,0.698 ppm
2024-02-10 14:00:00,415 ppm,80.8 %H,7.75 μg/m³,7.69 μg/m³,23.2 °C,0.753 ppm
2024-02-10 12:00:00,414 ppm,81.1 %H,8.76 μg/m³,8.59 μg/m³,23.1 °C,0.847 ppm
2024-02-10 10:00:00,412 ppm,81.1 %H,10.4 μg/m³,10.4 μg/m³,23.2 °C,0.918 ppm
2024-02-10 08:00:00,416 ppm,81.4 %H,10 μg/m³,9.53 μg/m³,23.2 °C,0.931 ppm
2024-02-10 06:00:00,416 ppm,81.2 %H,10.4 μg/m³,10.1 μg/m³,23.3 °C,1.06 ppm
2024-02-10 04:00:00,415 ppm,81.1 %H,13.5 μg/m³,13.1 μg/m³,23.3 °C,1.11 ppm
2024-02-10 02:00:00,412 ppm,81.3 %H,16.5 μg/m³,15.2 μg/m³,23.1 °C,1.05 ppm
2024-02-10 00:00:00,416 ppm,80.8 %H,10.3 μg/m³,10 μg/m³,23.2 °C,1.09 ppm
2024-02-09 22:00:00,428 ppm,80.7 %H,8.41 μg/m³,8.24 μg/m³,23.2 °C,1.04 ppm
2024-02-09 20:00:00,444 ppm,80.6 %H,7.76 μg/m³,7.29 μg/m³,23.2 °C,1.03 ppm
2024-02-09 18:00:00,471 ppm,80.4 %H,7.76 μg/m³,7.35 μg/m³,23.0 °C,0.954 ppm
2024-02-09 16:00:00,521 ppm,80.2 %H,9.12 μg/m³,8.94 μg/m³,23.2 °C,0.904 ppm
2024-02-09 14:00:00,605 ppm,80 %H,14.6 μg/m³,14.2 μg/m³,23.3 °C,0.890 ppm
2024-02-09 12:00:00,560 ppm,80.5 %H,21.9 μg/m³,21.4 μg/m³,23.2 °C,0.762 ppm
2024-02-09 10:00:00,497 ppm,81.0 %H,20.9 μg/m³,19.9 μg/m³,23.2 °C,0.721 ppm
2024-02-09 08:00:00,477 ppm,80.3 %H,16.6 μg/m³,16 μg/m³,23.4 °C,0.752 ppm
2024-02-09 06:00:00,488 ppm,80 %H,14.3 μg/m³,13.7 μg/m³,24.2 °C,0.693 ppm
2024-02-09 04:00:00,496 ppm,80 %H,14.4 μg/m³,13.7 μg/m³,24.1 °C,0.699 ppm
2024-02-09 02:00:00,511 ppm,80 %H,14.6 μg/m³,13.3 μg/m³,24.1 °C,0.711 ppm
2024-02-09 00:00:00,525 ppm,79.9 %H,14.4 μg/m³,13.3 μg/m³,24 °C,0.705 ppm
2024-02-08 22:00:00,535 ppm,79.6 %H,18.3 μg/m³,15.4 μg/m³,23.9 °C,0.692 ppm
2024-02-08 20:00:00,539 ppm,79.5 %H,16.6 μg/m³,14.8 μg/m³,23.5 °C,0.666 ppm
2024-02-08 18:00:00,556 ppm,80.7 %H,12.6 μg/m³,12.4 μg/m³,23.1 °C,0.644 ppm
2024-02-08 16:00:00,585 ppm,80.4 %H,13.2 μg/m³,12.4 μg/m³,23.1 °C,0.643 ppm
2024-02-08 14:00:00,636 ppm,80.1 %H,13.9 μg/m³,13.3 μg/m³,23.2 °C,0.735 ppm
2024-02-08 12:00:00,732 ppm,79.9 %H,13.8 μg/m³,13.1 μg/m³,23.1 °C,0.890 ppm
2024-02-08 10:00:00,694 ppm,80.0 %H,14.5 μg/m³,13.8 μg/m³,23.2 °C,0.895 ppm
2024-02-08 08:00:00,566 ppm,79 %H,14 μg/m³,13.6 μg/m³,23.3 °C,0.843 ppm
2024-02-08 06:00:00,499 ppm,79.5 %H,13.3 μg/m³,12.8 μg/m³,24.2 °C,0.754 ppm
2024-02-08 04:00:00,512 ppm,79.5 %H,12.9 μg/m³,12.4 μg/m³,24.2 °C,0.796 ppm
2024-02-08 02:00:00,525 ppm,79.5 %H,12.9 μg/m³,12.6 μg/m³,24.1 °C,0.742 ppm
2024-02-08 00:00:00,537 ppm,79.5 %H,14.1 μg/m³,13.6 μg/m³,24.0 °C,0.735 ppm
2024-02-07 22:00:00,544 ppm,79.5 %H,14.5 μg/m³,13.8 μg/m³,23.9 °C,0.682 ppm
2024-02-07 20:00:00,555 ppm,79.5 %H,14.5 μg/m³,13.8 μg/m³,23.4 °C,0.671 ppm
2024-02-07 18:00:00,570 ppm,80.2 %H,12.8 μg/m³,12.1 μg/m³,22.9 °C,0.656 ppm
2024-02-07 16:00:00,588 ppm,79.6 %H,12.9 μg/m³,12.6 μg/m³,23.2 °C,0.678 ppm
2024-02-07 14:00:00,648 ppm,79.5 %H,12.5 μg/m³,12.1 μg/m³,23.2 °C,0.776 ppm
2024-02-07 12:00:00,761 ppm,80.1 %H,14.2 μg/m³,13.7 μg/m³,23.2 °C,0.909 ppm
2024-02-07 10:00:00,717 ppm,80.0 %H,15.4 μg/m³,14.6 μg/m³,23.1 °C,0.946 ppm
2024-02-07 08:00:00,580 ppm,79.6 %H,18.2 μg/m³,17.2 μg/m³,23.4 °C,1.12 ppm
2024-02-07 06:00:00,542 ppm,80.0 %H,21.4 μg/m³,20.6 μg/m³,24.2 °C,0.917 ppm
2024-02-07 04:00:00,562 ppm,79.8 %H,20.6 μg/m³,19.8 μg/m³,24.2 °C,0.892 ppm
2024-02-07 02:00:00,589 ppm,79.8 %H,21.5 μg/m³,20.2 μg/m³,24.1 °C,0.928 ppm
2024-02-07 00:00:00,622 ppm,80.0 %H,20.9 μg/m³,20 μg/m³,24.1 °C,0.918 ppm
2024-02-06 22:00:00,653 ppm,80 %H,21 μg/m³,20.2 μg/m³,23.9 °C,0.901 ppm
2024-02-06 20:00:00,688 ppm,80.3 %H,19.1 μg/m³,18.4 μg/m³,23.6 °C,0.862 ppm
2024-02-06 18:00:00,762 ppm,80.3 %H,16.1 μg/m³,15.4 μg/m³,23.1 °C,0.866 ppm
2024-02-06 16:00:00,779 ppm,79.6 %H,15.6 μg/m³,15.2 μg/m³,23.2 °C,0.924 ppm
2024-02-06 14:00:00,722 ppm,79.4 %H,15.4 μg/m³,15.1 μg/m³,23.3 °C,0.895 ppm
2024-02-06 12:00:00,648 ppm,79.7 %H,17 μg/m³,16.6 μg/m³,23.2 °C,0.972 ppm
2024-02-06 10:00:00,532 ppm,80.0 %H,17.3 μg/m³,16.9 μg/m³,23.2 °C,0.854 ppm
2024-02-06 08:00:00,503 ppm,79.3 %H,16.3 μg/m³,15.9 μg/m³,23.5 °C,0.924 ppm
2024-02-06 06:00:00,520 ppm,79 %H,16.6 μg/m³,16.2 μg/m³,24.3 °C,0.918 ppm
2024-02-06 04:00:00,535 ppm,79 %H,16.8 μg/m³,16.3 μg/m³,24.2 °C,0.883 ppm
2024-02-06 02:00:00,554 ppm,79 %H,16.8 μg/m³,16.1 μg/m³,24.2 °C,0.917 ppm
2024-02-06 00:00:00,569 ppm,79 %H,17.1 μg/m³,16.8 μg/m³,24.1 °C,0.891 ppm
2024-02-05 22:00:00,580 ppm,79.2 %H,15.9 μg/m³,15.5 μg/m³,24.0 °C,0.865 ppm
2024-02-05 20:00:00,595 ppm,79.7 %H,15.1 μg/m³,14.6 μg/m³,23.6 °C,0.779 ppm
2024-02-05 18:00:00,618 ppm,79.6 %H,14.9 μg/m³,14.5 μg/m³,23.1 °C,0.744 ppm
2024-02-05 16:00:00,668 ppm,78.5 %H,13.9 μg/m³,13.7 μg/m³,23.1 °C,0.809 ppm
2024-02-05 14:00:00,651 ppm,78.4 %H,16.2 μg/m³,15.2 μg/m³,23.2 °C,0.772 ppm
2024-02-05 12:00:00,627 ppm,78.7 %H,17.6 μg/m³,16.4 μg/m³,23.1 °C,0.756 ppm
2024-02-05 10:00:00,566 ppm,79.0 %H,18.8 μg/m³,17.8 μg/m³,23.2 °C,0.832 ppm
2024-02-05 08:00:00,522 ppm,77.7 %H,20.6 μg/m³,19.7 μg/m³,23.6 °C,0.989 ppm
2024-02-05 06:00:00,462 ppm,80.2 %H,22.8 μg/m³,21.8 μg/m³,24.8 °C,0.857 ppm
2024-02-05 04:00:00,469 ppm,80 %H,22.5 μg/m³,21.7 μg/m³,24.8 °C,0.868 ppm
2024-02-05 02:00:00,476 ppm,80 %H,24.2 μg/m³,22.8 μg/m³,24.8 °C,0.839 ppm
2024-02-05 00:00:00,488 ppm,80 %H,25.9 μg/m³,24.9 μg/m³,24.8 °C,0.841 ppm
2024-02-04 22:00:00,490 ppm,80 %H,28.6 μg/m³,27.5 μg/m³,24.9 °C,0.816 ppm
2024-02-04 20:00:00,492 ppm,79.7 %H,29.2 μg/m³,28.1 μg/m³,24.9 °C,0.859 ppm
2024-02-04 18:00:00,494 ppm,79.5 %H,30.8 μg/m³,29.8 μg/m³,24.9 °C,0.874 ppm
2024-02-04 16:00:00,480 ppm,79.5 %H,30.3 μg/m³,28.7 μg/m³,24.9 °C,0.861 ppm
2024-02-04 14:00:00,470 ppm,79.9 %H,30.6 μg/m³,29.4 μg/m³,24.7 °C,0.890 ppm
2024-02-04 12:00:00,464 ppm,80.2 %H,29.1 μg/m³,28 μg/m³,24.5 °C,0.961 ppm
2024-02-04 10:00:00,463 ppm,80.5 %H,27.2 μg/m³,25.8 μg/m³,24.3 °C,0.874 ppm
2024-02-04 08:00:00,475 ppm,80.5 %H,25.1 μg/m³,23.5 μg/m³,24.1 °C,0.859 ppm
2024-02-04 06:00:00,489 ppm,80.5 %H,25.2 μg/m³,24.2 μg/m³,24.1 °C,0.903 ppm
2024-02-04 04:00:00,503 ppm,80.5 %H,24.1 μg/m³,23 μg/m³,24.0 °C,0.849 ppm
2024-02-04 02:00:00,515 ppm,80.5 %H,23.9 μg/m³,23.5 μg/m³,24.0 °C,0.889 ppm
2024-02-04 00:00:00,527 ppm,80.5 %H,23.2 μg/m³,22.4 μg/m³,23.9 °C,0.832 ppm
2024-02-03 22:00:00,533 ppm,80.5 %H,21.7 μg/m³,20.6 μg/m³,23.7 °C,0.779 ppm
2024-02-03 20:00:00,538 ppm,80.7 %H,18.2 μg/m³,17.9 μg/m³,23.3 °C,0.756 ppm
2024-02-03 18:00:00,533 ppm,81.4 %H,19.6 μg/m³,19.3 μg/m³,23.0 °C,0.811 ppm
2024-02-03 16:00:00,517 ppm,81.3 %H,21.8 μg/m³,20.6 μg/m³,23.1 °C,0.822 ppm
2024-02-03 14:00:00,490 ppm,81.2 %H,22 μg/m³,20.6 μg/m³,23.1 °C,0.747 ppm
2024-02-03 12:00:00,481 ppm,81.6 %H,19.6 μg/m³,19.1 μg/m³,23.1 °C,0.763 ppm
2024-02-03 10:00:00,475 ppm,81.5 %H,20.6 μg/m³,19.9 μg/m³,23.1 °C,0.786 ppm
2024-02-03 08:00:00,496 ppm,80.7 %H,21.2 μg/m³,19.9 μg/m³,23.4 °C,0.882 ppm
2024-02-03 06:00:00,513 ppm,80.5 %H,22.1 μg/m³,21.1 μg/m³,24.1 °C,0.868 ppm
2024-02-03 04:00:00,533 ppm,80.5 %H,23.7 μg/m³,22.2 μg/m³,24.0 °C,0.879 ppm
2024-02-03 02:00:00,562 ppm,80.5 %H,24.5 μg/m³,22.8 μg/m³,24.0 °C,0.899 ppm
2024-02-03 00:00:00,597 ppm,80.5 %H,23.8 μg/m³,22.5 μg/m³,23.9 °C,0.894 ppm
2024-02-02 22:00:00,645 ppm,80.8 %H,22.2 μg/m³,21.1 μg/m³,23.8 °C,0.904 ppm
2024-02-02 20:00:00,702 ppm,81.1 %H,20.3 μg/m³,19.5 μg/m³,23.5 °C,0.972 ppm
2024-02-02 18:00:00,805 ppm,81.1 %H,17.1 μg/m³,16.4 μg/m³,23.2 °C,1.11 ppm
2024-02-02 16:00:00,745 ppm,80.7 %H,16.4 μg/m³,15.6 μg/m³,23.0 °C,0.866 ppm
2024-02-02 14:00:00,695 ppm,80.4 %H,18 μg/m³,16.9 μg/m³,23.1 °C,0.835 ppm
2024-02-02 12:00:00,620 ppm,80.9 %H,20.8 μg/m³,19.5 μg/m³,23.2 °C,0.847 ppm
2024-02-02 10:00:00,516 ppm,81.2 %H,19.1 μg/m³,18.4 μg/m³,23.3 °C,0.891 ppm
2024-02-02 08:00:00,493 ppm,80.6 %H,17.7 μg/m³,17 μg/m³,23.4 °C,1 ppm
2024-02-02 06:00:00,501 ppm,80.4 %H,15.9 μg/m³,15.2 μg/m³,24 °C,0.956 ppm
2024-02-02 04:00:00,508 ppm,80.1 %H,15.8 μg/m³,15.1 μg/m³,24.0 °C,0.936 ppm
2024-02-02 02:00:00,519 ppm,80.3 %H,15.6 μg/m³,14.9 μg/m³,23.9 °C,0.933 ppm
2024-02-02 00:00:00,528 ppm,80.5 %H,14.6 μg/m³,13.8 μg/m³,23.8 °C,0.906 ppm
2024-02-01 22:00:00,527 ppm,80.5 %H,15.3 μg/m³,14.7 μg/m³,23.7 °C,0.847 ppm
2024-02-01 20:00:00,525 ppm,80.5 %H,14.2 μg/m³,13.6 μg/m³,23.5 °C,0.836 ppm
2024-02-01 18:00:00,521 ppm,81.3 %H,11.9 μg/m³,11.2 μg/m³,23.1 °C,0.742 ppm
2024-02-01 16:00:00,507 ppm,80.6 %H,12.9 μg/m³,12.5 μg/m³,23.1 °C,0.739 ppm
2024-02-01 14:00:00,489 ppm,80.9 %H,14 μg/m³,13.1 μg/m³,23.2 °C,0.740 ppm
2024-02-01 12:00:00,482 ppm,81.1 %H,15.4 μg/m³,14.9 μg/m³,23.1 °C,0.766 ppm
2024-02-01 10:00:00,490 ppm,81.1 %H,15.9 μg/m³,15.5 μg/m³,23.2 °C,0.770 ppm
2024-02-01 08:00:00,517 ppm,80.5 %H,15.2 μg/m³,14.2 μg/m³,23.4 °C,0.884 ppm
2024-02-01 06:00:00,534 ppm,80.5 %H,13.9 μg/m³,13.6 μg/m³,24.0 °C,0.866 ppm
2024-02-01 04:00:00,558 ppm,80.5 %H,13.9 μg/m³,12.9 μg/m³,24.0 °C,0.887 ppm
2024-02-01 02:00:00,583 ppm,80.5 %H,14.5 μg/m³,13.9 μg/m³,23.9 °C,0.922 ppm
2024-02-01 00:00:00,620 ppm,80.5 %H,15.3 μg/m³,14.3 μg/m³,23.8 °C,0.896 ppm
2024-01-31 22:00:00,661 ppm,80.6 %H,15 μg/m³,14.7 μg/m³,23.7 °C,0.889 ppm
2024-01-31 20:00:00,724 ppm,81.1 %H,15.2 μg/m³,14.5 μg/m³,23.5 °C,0.868 ppm
2024-01-31 18:00:00,817 ppm,80.7 %H,14.1 μg/m³,13.2 μg/m³,23.0 °C,0.971 ppm
2024-01-31 16:00:00,744 ppm,80.6 %H,14.2 μg/m³,13.6 μg/m³,23.1 °C,0.986 ppm
2024-01-31 14:00:00,694 ppm,80.5 %H,16.1 μg/m³,15.4 μg/m³,23.2 °C,1.13 ppm
2024-01-31 12:00:00,631 ppm,80.7 %H,18.4 μg/m³,17.1 μg/m³,23.1 °C,1.33 ppm
2024-01-31 10:00:00,530 ppm,81.0 %H,18.8 μg/m³,18 μg/m³,23.1 °C,1.13 ppm
2024-01-31 08:00:00,487 ppm,80.7 %H,19.4 μg/m³,18.4 μg/m³,23.4 °C,1.19 ppm
2024-01-31 06:00:00,498 ppm,80.5 %H,20.6 μg/m³,19.8 μg/m³,24.0 °C,1.24 ppm
2024-01-31 04:00:00,508 ppm,80.5 %H,19.3 μg/m³,18.3 μg/m³,24.0 °C,1.24 ppm
2024-01-31 02:00:00,517 ppm,80.5 %H,19.5 μg/m³,18.4 μg/m³,23.9 °C,1.22 ppm
2024-01-31 00:00:00,526 ppm,80.5 %H,20.2 μg/m³,19.3 μg/m³,23.8 °C,1.20 ppm
2024-01-30 22:00:00,530 ppm,80.5 %H,21.1 μg/m³,20 μg/m³,23.7 °C,1.16 ppm
2024-01-30 20:00:00,528 ppm,80.8 %H,20.6 μg/m³,19.6 μg/m³,23.3 °C,1.15 ppm
2024-01-30 18:00:00,526 ppm,81.3 %H,22.1 μg/m³,21.5 μg/m³,23.0 °C,1.28 ppm
2024-01-30 16:00:00,514 ppm,81 %H,23.1 μg/m³,21.9 μg/m³,23.1 °C,1.27 ppm
2024-01-30 14:00:00,501 ppm,81.0 %H,21.7 μg/m³,20.8 μg/m³,23.2 °C,1.15 ppm
2024-01-30 12:00:00,491 ppm,81.4 %H,20.8 μg/m³,20.1 μg/m³,23.1 °C,1.15 ppm
2024-01-30 10:00:00,478 ppm,81.3 %H,21.5 μg/m³,20.8 μg/m³,23.0 °C,1.22 ppm
2024-01-30 08:00:00,485 ppm,80.6 %H,25.4 μg/m³,24.3 μg/m³,23.3 °C,1.33 ppm
2024-01-30 06:00:00,492 ppm,80.5 %H,27.1 μg/m³,25.9 μg/m³,24.1 °C,1.31 ppm
2024-01-30 04:00:00,498 ppm,80.5 %H,28.9 μg/m³,27.4 μg/m³,24.0 °C,1.35 ppm
2024-01-30 02:00:00,509 ppm,80.5 %H,31.9 μg/m³,30.1 μg/m³,24.0 °C,1.30 ppm
2024-01-30 00:00:00,516 ppm,80.5 %H,31.1 μg/m³,29.6 μg/m³,23.9 °C,1.21 ppm
2024-01-29 22:00:00,521 ppm,80.5 %H,32.4 μg/m³,30.6 μg/m³,23.8 °C,1.12 ppm
2024-01-29 20:00:00,516 ppm,80.5 %H,30.8 μg/m³,29.5 μg/m³,23.5 °C,1.07 ppm
2024-01-29 18:00:00,514 ppm,80.7 %H,28.9 μg/m³,27.4 μg/m³,23.1 °C,0.993 ppm
2024-01-29 16:00:00,502 ppm,80.3 %H,23.5 μg/m³,22.5 μg/m³,23.1 °C,0.967 ppm
2024-01-29 14:00:00,499 ppm,80.1 %H,20.4 μg/m³,19.7 μg/m³,23.1 °C,0.888 ppm
2024-01-29 12:00:00,509 ppm,80 %H,19.1 μg/m³,17.8 μg/m³,23.1 °C,0.889 ppm
2024-01-29 10:00:00,492 ppm,79.0 %H,19.7 μg/m³,18.1 μg/m³,22.8 °C,0.804 ppm
2024-01-29 08:00:00,440 ppm,76.2 %H,19.6 μg/m³,19.3 μg/m³,22.8 °C,1.01 ppm
2024-01-29 06:00:00,443 ppm,81 %H,21.2 μg/m³,20.4 μg/m³,24.4 °C,0.955 ppm
2024-01-29 04:00:00,445 ppm,81 %H,22.1 μg/m³,21 μg/m³,24.3 °C,0.961 ppm
2024-01-29 02:00:00,451 ppm,81 %H,21.3 μg/m³,20.4 μg/m³,24.3 °C,0.947 ppm
2024-01-29 00:00:00,453 ppm,81 %H,22.4 μg/m³,21.1 μg/m³,24.3 °C,0.956 ppm
2024-01-28 22:00:00,453 ppm,80.9 %H,22.4 μg/m³,21.1 μg/m³,24.4 °C,0.954 ppm
2024-01-28 20:00:00,447 ppm,80.5 %H,21.7 μg/m³,20.5 μg/m³,24.4 °C,1.04 ppm
2024-01-28 18:00:00,442 ppm,80.4 %H,20.7 μg/m³,19.5 μg/m³,24.5 °C,1.05 ppm
2024-01-28 16:00:00,440 ppm,80.4 %H,19.2 μg/m³,18.2 μg/m³,24.4 °C,1.13 ppm
2024-01-28 14:00:00,438 ppm,80.5 %H,17.8 μg/m³,17.4 μg/m³,24.3 °C,1.22 ppm
2024-01-28 12:00:00,440 ppm,80.5 %H,19.1 μg/m³,17.9 μg/m³,24.2 °C,1.33 ppm
2024-01-28 10:00:00,447 ppm,80.5 %H,18.8 μg/m³,17.2 μg/m³,23.9 °C,1.42 ppm
2024-01-28 08:00:00,453 ppm,80.8 %H,18.9 μg/m³,17.2 μg/m³,23.7 °C,1.55 ppm
2024-01-28 06:00:00,457 ppm,80.8 %H,19.4 μg/m³,17.9 μg/m³,23.6 °C,1.60 ppm
2024-01-28 04:00:00,467 ppm,80.5 %H,20.8 μg/m³,18.1 μg/m³,23.6 °C,1.51 ppm
2024-01-28 02:00:00,469 ppm,80.5 %H,23.5 μg/m³,20.5 μg/m³,23.5 °C,1.28 ppm
2024-01-28 00:00:00,474 ppm,80.5 %H,22.2 μg/m³,19.1 μg/m³,23.4 °C,0.928 ppm
2024-01-27 22:00:00,471 ppm,80.5 %H,22.6 μg/m³,19.4 μg/m³,23.2 °C,0.585 ppm
2024-01-27 20:00:00,471 ppm,80.7 %H,17.2 μg/m³,16.4 μg/m³,22.8 °C,0.483 ppm
2024-01-27 18:00:00,475 ppm,80.8 %H,16.8 μg/m³,15.5 μg/m³,22.2 °C,0.509 ppm
2024-01-27 16:00:00,464 ppm,79.7 %H,17.7 μg/m³,16.2 μg/m³,22.2 °C,0.526 ppm
2024-01-27 14:00:00,461 ppm,80.3 %H,19.3 μg/m³,17.9 μg/m³,22.4 °C,0.595 ppm
2024-01-27 12:00:00,463 ppm,80.2 %H,19.6 μg/m³,18.3 μg/m³,22.3 °C,0.560 ppm
2024-01-27 10:00:00,474 ppm,79.6 %H,17 μg/m³,16 μg/m³,22.2 °C,0.593 ppm
2024-01-27 08:00:00,501 ppm,77.9 %H,13.8 μg/m³,13.2 μg/m³,22.5 °C,0.771 ppm
2024-01-27 06:00:00,527 ppm,80.8 %H,14.4 μg/m³,13.2 μg/m³,23.7 °C,0.722 ppm
2024-01-27 04:00:00,544 ppm,80.5 %H,14.1 μg/m³,13.1 μg/m³,23.7 °C,0.754 ppm
2024-01-27 02:00:00,568 ppm,80.5 %H,14.1 μg/m³,13 μg/m³,23.6 °C,0.726 ppm
2024-01-27 00:00:00,594 ppm,80.5 %H,14.1 μg/m³,13.1 μg/m³,23.5 °C,0.731 ppm
2024-01-26 22:00:00,622 ppm,80.5 %H,12.4 μg/m³,11.6 μg/m³,23.3 °C,0.749 ppm
2024-01-26 20:00:00,652 ppm,80.5 %H,12.5 μg/m³,11.6 μg/m³,22.8 °C,0.716 ppm
2024-01-26 18:00:00,731 ppm,79.3 %H,11.2 μg/m³,10.7 μg/m³,22.3 °C,1.04 ppm
2024-01-26 16:00:00,762 ppm,80.8 %H,11.3 μg/m³,10.8 μg/m³,23.0 °C,1.04 ppm
2024-01-26 14:00:00,724 ppm,81.8 %H,10.6 μg/m³,10.1 μg/m³,23.2 °C,0.961 ppm
2024-01-26 12:00:00,677 ppm,82 %H,10.3 μg/m³,9.94 μg/m³,23.3 °C,0.894 ppm
2024-01-26 10:00:00,588 ppm,82.0 %H,14.6 μg/m³,13.9 μg/m³,23.0 °C,0.777 ppm
2024-01-26 08:00:00,601 ppm,81.5 %H,13.2 μg/m³,12.8 μg/m³,23.3 °C,0.969 ppm
2024-01-26 06:00:00,595 ppm,81.5 %H,12 μg/m³,11.8 μg/m³,23.8 °C,0.945 ppm
2024-01-26 04:00:00,619 ppm,81.5 %H,10.9 μg/m³,10.4 μg/m³,23.7 °C,0.982 ppm
2024-01-26 02:00:00,649 ppm,81.5 %H,9.76 μg/m³,9.53 μg/m³,23.7 °C,1.07 ppm
2024-01-26 00:00:00,686 ppm,81.5 %H,10.3 μg/m³,9.65 μg/m³,23.6 °C,1.08 ppm
2024-01-25 22:00:00,732 ppm,81.7 %H,9.83 μg/m³,9.28 μg/m³,23.6 °C,1.11 ppm
2024-01-25 20:00:00,782 ppm,82.1 %H,9.35 μg/m³,9 μg/m³,23.4 °C,1.17 ppm
2024-01-25 18:00:00,905 ppm,82.3 %H,9.82 μg/m³,9.06 μg/m³,23.2 °C,1.39 ppm
2024-01-25 16:00:00,829 ppm,82.1 %H,10.4 μg/m³,9.82 μg/m³,23.2 °C,1.15 ppm
2024-01-25 14:00:00,718 ppm,81.9 %H,12.6 μg/m³,11.6 μg/m³,23.1 °C,0.956 ppm
2024-01-25 12:00:00,659 ppm,81.9 %H,15.9 μg/m³,14.8 μg/m³,23.2 °C,1.01 ppm
2024-01-25 10:00:00,567 ppm,81.9 %H,17.2 μg/m³,16.5 μg/m³,23.1 °C,0.987 ppm
2024-01-25 08:00:00,537 ppm,81.6 %H,14.8 μg/m³,13.5 μg/m³,23.4 °C,0.970 ppm
2024-01-25 06:00:00,553 ppm,81 %H,12.9 μg/m³,12.1 μg/m³,23.8 °C,0.923 ppm
2024-01-25 04:00:00,567 ppm,81 %H,12.2 μg/m³,11.8 μg/m³,23.7 °C,0.892 ppm
2024-01-25 02:00:00,586 ppm,80.9 %H,12.5 μg/m³,12.2 μg/m³,23.7 °C,0.912 ppm
2024-01-25 00:00:00,611 ppm,80.6 %H,13.4 μg/m³,12.9 μg/m³,23.7 °C,0.854 ppm
2024-01-24 22:00:00,629 ppm,80.6 %H,14.4 μg/m³,13.9 μg/m³,23.6 °C,0.889 ppm
2024-01-24 20:00:00,653 ppm,80.8 %H,15.2 μg/m³,14.4 μg/m³,23.4 °C,0.842 ppm
2024-01-24 18:00:00,719 ppm,81.6 %H,15.7 μg/m³,15.1 μg/m³,23.2 °C,0.912 ppm
2024-01-24 16:00:00,736 ppm,81.6 %H,16.7 μg/m³,15.9 μg/m³,23.2 °C,0.923 ppm
2024-01-24 14:00:00,696 ppm,81.2 %H,18.4 μg/m³,17.7 μg/m³,23.3 °C,1.03 ppm
2024-01-24 12:00:00,642 ppm,81.4 %H,19.7 μg/m³,18.8 μg/m³,23.2 °C,1.12 ppm
2024-01-24 10:00:00,554 ppm,81.2 %H,17.4 μg/m³,16.7 μg/m³,23.1 °C,1.06 ppm
2024-01-24 08:00:00,518 ppm,80.9 %H,15.4 μg/m³,14.5 μg/m³,23.4 °C,1.20 ppm
2024-01-24 06:00:00,530 ppm,80.5 %H,15 μg/m³,14.8 μg/m³,23.8 °C,1.18 ppm
2024-01-24 04:00:00,538 ppm,80.5 %H,15.7 μg/m³,14.9 μg/m³,23.8 °C,1.20 ppm
2024-01-24 02:00:00,551 ppm,80.5 %H,16.1 μg/m³,15.3 μg/m³,23.8 °C,1.16 ppm
2024-01-24 00:00:00,560 ppm,80.5 %H,16 μg/m³,15.1 μg/m³,23.7 °C,1.11 ppm
2024-01-23 22:00:00,569 ppm,80.9 %H,16.1 μg/m³,15.4 μg/m³,23.6 °C,1.08 ppm
2024-01-23 20:00:00,566 ppm,81.1 %H,15.4 μg/m³,14.7 μg/m³,23.5 °C,0.959 ppm
2024-01-23 18:00:00,577 ppm,81.3 %H,15.4 μg/m³,15 μg/m³,23.3 °C,0.834 ppm
2024-01-23 16:00:00,584 ppm,81.4 %H,14.1 μg/m³,13.7 μg/m³,23.0 °C,0.795 ppm
2024-01-23 14:00:00,588 ppm,81.0 %H,12.8 μg/m³,12.5 μg/m³,23.2 °C,0.812 ppm
2024-01-23 12:00:00,626 ppm,81.3 %H,12.2 μg/m³,11.7 μg/m³,23.2 °C,0.882 ppm
2024-01-23 10:00:00,568 ppm,81.3 %H,13.3 μg/m³,12.7 μg/m³,23.2 °C,0.972 ppm
2024-01-23 08:00:00,526 ppm,80.7 %H,12.9 μg/m³,12.6 μg/m³,23.3 °C,1.07 ppm
2024-01-23 06:00:00,542 ppm,80.5 %H,13 μg/m³,12.7 μg/m³,24.0 °C,0.979 ppm
2024-01-23 04:00:00,562 ppm,80.5 %H,15.1 μg/m³,14.3 μg/m³,23.9 °C,0.990 ppm
2024-01-23 02:00:00,583 ppm,80.5 %H,15.4 μg/m³,14.6 μg/m³,23.9 °C,1.06 ppm
2024-01-23 00:00:00,607 ppm,80.5 %H,17.1 μg/m³,16.3 μg/m³,23.8 °C,1.03 ppm
2024-01-22 22:00:00,630 ppm,80.5 %H,16.9 μg/m³,16.2 μg/m³,23.7 °C,1.07 ppm
2024-01-22 20:00:00,642 ppm,81.2 %H,18.5 μg/m³,18 μg/m³,23.4 °C,0.954 ppm
2024-01-22 18:00:00,694 ppm,81.1 %H,20.9 μg/m³,19.9 μg/m³,23.1 °C,0.977 ppm
2024-01-22 16:00:00,702 ppm,80.6 %H,18.4 μg/m³,17.8 μg/m³,23.2 °C,0.939 ppm
2024-01-22 14:00:00,647 ppm,80.5 %H,12.5 μg/m³,11.9 μg/m³,23.2 °C,0.836 ppm
2024-01-22 12:00:00,590 ppm,80.9 %H,10.1 μg/m³,9.82 μg/m³,23.1 °C,0.881 ppm
2024-01-22 10:00:00,488 ppm,81.5 %H,9.94 μg/m³,9.53 μg/m³,23.2 °C,0.845 ppm
2024-01-22 08:00:00,432 ppm,80.9 %H,11.1 μg/m³,10.6 μg/m³,23.5 °C,0.926 ppm
2024-01-22 06:00:00,433 ppm,80.5 %H,11.9 μg/m³,11.2 μg/m³,24.3 °C,0.860 ppm
2024-01-22 04:00:00,442 ppm,80.5 %H,12.5 μg/m³,12.1 μg/m³,24.3 °C,0.826 ppm
2024-01-22 02:00:00,449 ppm,80.5 %H,14.6 μg/m³,13.2 μg/m³,24.3 °C,0.837 ppm
2024-01-22 00:00:00,454 ppm,80.5 %H,15.2 μg/m³,14.5 μg/m³,24.3 °C,0.818 ppm
2024-01-21 22:00:00,455 ppm,80.0 %H,15.9 μg/m³,15.1 μg/m³,24.3 °C,0.800 ppm
2024-01-21 20:00:00,458 ppm,80 %H,16.8 μg/m³,16.1 μg/m³,24.4 °C,0.806 ppm
2024-01-21 18:00:00,453 ppm,80 %H,17.4 μg/m³,16.4 μg/m³,24.5 °C,0.794 ppm
2024-01-21 16:00:00,444 ppm,80 %H,17.2 μg/m³,16.5 μg/m³,24.4 °C,0.798 ppm
2024-01-21 14:00:00,446 ppm,80 %H,15.9 μg/m³,15.4 μg/m³,24.3 °C,0.784 ppm
2024-01-21 12:00:00,444 ppm,80.5 %H,14.8 μg/m³,14.4 μg/m³,24.1 °C,0.792 ppm
2024-01-21 10:00:00,450 ppm,80.5 %H,14.6 μg/m³,13.9 μg/m³,23.9 °C,0.813 ppm
2024-01-21 08:00:00,457 ppm,80.5 %H,13.5 μg/m³,13.1 μg/m³,23.7 °C,0.906 ppm
2024-01-21 06:00:00,462 ppm,80.5 %H,13.2 μg/m³,13.1 μg/m³,23.7 °C,0.899 ppm
2024-01-21 04:00:00,463 ppm,80.7 %H,13.1 μg/m³,12.7 μg/m³,23.6 °C,0.933 ppm
2024-01-21 02:00:00,468 ppm,81.0 %H,13.8 μg/m³,13.2 μg/m³,23.6 °C,0.942 ppm
2024-01-21 00:00:00,472 ppm,81 %H,15.5 μg/m³,14.8 μg/m³,23.5 °C,0.915 ppm
2024-01-20 22:00:00,471 ppm,81 %H,14.6 μg/m³,14.1 μg/m³,23.5 °C,0.924 ppm
2024-01-20 20:00:00,462 ppm,81.1 %H,15.7 μg/m³,15 μg/m³,23.5 °C,0.852 ppm
2024-01-20 18:00:00,452 ppm,81.5 %H,16.5 μg/m³,16.1 μg/m³,23.4 °C,0.761 ppm
2024-01-20 16:00:00,447 ppm,82.1 %H,15.3 μg/m³,14.8 μg/m³,23.2 °C,0.676 ppm
2024-01-20 14:00:00,449 ppm,81.9 %H,13.9 μg/m³,13.2 μg/m³,23.0 °C,0.742 ppm
2024-01-20 12:00:00,464 ppm,81.8 %H,12.1 μg/m³,11.9 μg/m³,23.1 °C,0.781 ppm
2024-01-20 10:00:00,486 ppm,81.8 %H,13.5 μg/m³,12.9 μg/m³,23.0 °C,0.893 ppm
2024-01-20 08:00:00,513 ppm,81.3 %H,15.4 μg/m³,14.6 μg/m³,23.3 °C,1.06 ppm
2024-01-20 06:00:00,530 ppm,81.3 %H,17.9 μg/m³,16.9 μg/m³,23.7 °C,1.12 ppm
2024-01-20 04:00:00,540 ppm,81.5 %H,17 μg/m³,16.6 μg/m³,23.7 °C,1.12 ppm
2024-01-20 02:00:00,555 ppm,81.5 %H,15.9 μg/m³,15.6 μg/m³,23.7 °C,1.06 ppm
2024-01-20 00:00:00,576 ppm,81.5 %H,15 μg/m³,14.3 μg/m³,23.6 °C,1.05 ppm
2024-01-19 22:00:00,594 ppm,81.5 %H,14.9 μg/m³,13.9 μg/m³,23.6 °C,1.04 ppm
2024-01-19 20:00:00,618 ppm,81.7 %H,13.6 μg/m³,13.1 μg/m³,23.5 °C,0.974 ppm
2024-01-19 18:00:00,682 ppm,82.1 %H,12.4 μg/m³,11.8 μg/m³,23.3 °C,0.924 ppm
2024-01-19 16:00:00,710 ppm,82.1 %H,12.6 μg/m³,12 μg/m³,23.0 °C,0.782 ppm
2024-01-19 14:00:00,677 ppm,81.6 %H,13.6 μg/m³,13 μg/m³,23.1 °C,0.779 ppm
2024-01-19 12:00:00,620 ppm,81.9 %H,14 μg/m³,13.5 μg/m³,23.1 °C,0.838 ppm
2024-01-19 10:00:00,525 ppm,81.9 %H,17.5 μg/m³,17 μg/m³,23.2 °C,0.819 ppm
2024-01-19 08:00:00,482 ppm,81.4 %H,19.8 μg/m³,19.2 μg/m³,23.2 °C,0.849 ppm
2024-01-19 06:00:00,489 ppm,81.5 %H,20.8 μg/m³,19.6 μg/m³,23.7 °C,0.895 ppm
2024-01-19 04:00:00,495 ppm,81.4 %H,21.2 μg/m³,19.9 μg/m³,23.6 °C,0.895 ppm
2024-01-19 02:00:00,502 ppm,81.4 %H,20.8 μg/m³,19.9 μg/m³,23.6 °C,0.876 ppm
2024-01-19 00:00:00,512 ppm,81.4 %H,21.5 μg/m³,20.2 μg/m³,23.5 °C,0.830 ppm
2024-01-18 22:00:00,516 ppm,81.5 %H,20.3 μg/m³,19.5 μg/m³,23.5 °C,0.799 ppm
2024-01-18 20:00:00,515 ppm,81.5 %H,21.2 μg/m³,20.2 μg/m³,23.2 °C,0.706 ppm
2024-01-18 18:00:00,560 ppm,81.6 %H,20.8 μg/m³,19.6 μg/m³,23.1 °C,0.799 ppm
2024-01-18 16:00:00,650 ppm,81.4 %H,18.4 μg/m³,17.3 μg/m³,23.1 °C,0.843 ppm
2024-01-18 14:00:00,803 ppm,81.8 %H,13.9 μg/m³,12.9 μg/m³,23.0 °C,0.891 ppm
2024-01-18 12:00:00,855 ppm,81.4 %H,13.2 μg/m³,12.7 μg/m³,22.9 °C,1.01 ppm
2024-01-18 10:00:00,601 ppm,81.4 %H,13.4 μg/m³,13.1 μg/m³,22.8 °C,0.755 ppm
2024-01-18 08:00:00,523 ppm,79.6 %H,13.2 μg/m³,12.4 μg/m³,22.6 °C,0.866 ppm
2024-01-18 06:00:00,549 ppm,80.5 %H,13.2 μg/m³,12.3 μg/m³,23.5 °C,0.872 ppm
2024-01-18 04:00:00,568 ppm,80.1 %H,12.5 μg/m³,12 μg/m³,23.4 °C,0.849 ppm
2024-01-18 02:00:00,590 ppm,80 %H,13.5 μg/m³,12.5 μg/m³,23.3 °C,0.859 ppm
2024-01-18 00:00:00,617 ppm,80 %H,13.5 μg/m³,12.8 μg/m³,23.2 °C,0.912 ppm
2024-01-17 22:00:00,641 ppm,80 %H,14.2 μg/m³,13.6 μg/m³,23.0 °C,0.839 ppm
2024-01-17 20:00:00,665 ppm,80.0 %H,13.1 μg/m³,12.7 μg/m³,22.6 °C,0.876 ppm
2024-01-17 18:00:00,724 ppm,80.4 %H,12 μg/m³,11.6 μg/m³,22.2 °C,0.944 ppm
2024-01-17 16:00:00,739 ppm,79.8 %H,12.9 μg/m³,12.4 μg/m³,22.3 °C,0.926 ppm
2024-01-17 14:00:00,692 ppm,79.4 %H,13.1 μg/m³,12.9 μg/m³,22.1 °C,1.07 ppm
2024-01-17 12:00:00,625 ppm,80.0 %H,13.1 μg/m³,12.5 μg/m³,22.3 °C,1.21 ppm
2024-01-17 10:00:00,524 ppm,80.0 %H,13.4 μg/m³,12.9 μg/m³,22.3 °C,0.921 ppm
2024-01-17 08:00:00,479 ppm,78.5 %H,12.2 μg/m³,11.8 μg/m³,22.5 °C,0.892 ppm
2024-01-17 06:00:00,494 ppm,80.0 %H,14.4 μg/m³,13.9 μg/m³,23.5 °C,0.907 ppm
2024-01-17 04:00:00,503 ppm,80 %H,15.8 μg/m³,14.9 μg/m³,23.5 °C,0.938 ppm
2024-01-17 02:00:00,513 ppm,80 %H,15.8 μg/m³,15 μg/m³,23.4 °C,0.927 ppm
2024-01-17 00:00:00,522 ppm,80 %H,15.4 μg/m³,15.1 μg/m³,23.3 °C,0.885 ppm
2024-01-16 22:00:00,526 ppm,80 %H,17.1 μg/m³,16.2 μg/m³,23.1 °C,0.804 ppm
2024-01-16 20:00:00,522 ppm,80.4 %H,16.4 μg/m³,15.5 μg/m³,22.7 °C,0.754 ppm
2024-01-16 18:00:00,521 ppm,80.7 %H,13.6 μg/m³,13.1 μg/m³,22.2 °C,0.814 ppm
2024-01-16 16:00:00,513 ppm,80.1 %H,11.5 μg/m³,10.9 μg/m³,22.3 °C,0.864 ppm
2024-01-16 14:00:00,504 ppm,80.0 %H,10.8 μg/m³,10.4 μg/m³,22.3 °C,0.865 ppm
2024-01-16 12:00:00,500 ppm,79.8 %H,10.6 μg/m³,10.4 μg/m³,22.1 °C,0.899 ppm
2024-01-16 10:00:00,498 ppm,79.7 %H,9.82 μg/m³,9.12 μg/m³,22.2 °C,0.839 ppm
2024-01-16 08:00:00,520 ppm,78.0 %H,9.41 μg/m³,9.12 μg/m³,22.6 °C,0.948 ppm
2024-01-16 06:00:00,542 ppm,79.5 %H,9.82 μg/m³,9.24 μg/m³,23.7 °C,0.949 ppm
2024-01-16 04:00:00,562 ppm,79.4 %H,9.65 μg/m³,9.41 μg/m³,23.7 °C,0.950 ppm
2024-01-16 02:00:00,585 ppm,79 %H,10 μg/m³,9.65 μg/m³,23.6 °C,0.974 ppm
2024-01-16 00:00:00,613 ppm,79 %H,9.82 μg/m³,9.65 μg/m³,23.5 °C,1.05 ppm
2024-01-15 22:00:00,632 ppm,79.2 %H,10.6 μg/m³,9.83 μg/m³,23.3 °C,1.01 ppm
2024-01-15 20:00:00,649 ppm,79.7 %H,10.2 μg/m³,9.59 μg/m³,22.8 °C,0.925 ppm
2024-01-15 18:00:00,713 ppm,79.2 %H,10.6 μg/m³,10.1 μg/m³,22.3 °C,0.980 ppm
2024-01-15 16:00:00,742 ppm,77.8 %H,10.9 μg/m³,10.3 μg/m³,22.4 °C,0.981 ppm
2024-01-15 14:00:00,688 ppm,76.5 %H,12.8 μg/m³,11.8 μg/m³,22.6 °C,0.874 ppm
2024-01-15 12:00:00,569 ppm,76.4 %H,10.4 μg/m³,9.71 μg/m³,22.4 °C,0.744 ppm
2024-01-15 10:00:00,478 ppm,78.4 %H,10 μg/m³,9.76 μg/m³,22.9 °C,0.856 ppm
2024-01-15 08:00:00,423 ppm,80.7 %H,12.3 μg/m³,11.7 μg/m³,23.6 °C,0.857 ppm
2024-01-15 06:00:00,420 ppm,80.5 %H,14.6 μg/m³,13.6 μg/m³,24.1 °C,0.874 ppm
2024-01-15 04:00:00,423 ppm,80.5 %H,15.8 μg/m³,14.9 μg/m³,24.1 °C,0.846 ppm
2024-01-15 02:00:00,429 ppm,80 %H,15.4 μg/m³,14.7 μg/m³,24.1 °C,0.823 ppm
2024-01-15 00:00:00,437 ppm,80 %H,16.5 μg/m³,15.2 μg/m³,24.1 °C,0.828 ppm
2024-01-14 22:00:00,439 ppm,80 %H,17.9 μg/m³,16.5 μg/m³,24.2 °C,0.809 ppm
2024-01-14 20:00:00,436 ppm,79.7 %H,17.1 μg/m³,16.2 μg/m³,24.3 °C,0.850 ppm
2024-01-14 18:00:00,433 ppm,79.5 %H,18.7 μg/m³,17.6 μg/m³,24.4 °C,0.819 ppm
2024-01-14 16:00:00,425 ppm,79.5 %H,18.2 μg/m³,17.6 μg/m³,24.4 °C,0.849 ppm
2024-01-14 14:00:00,420 ppm,79.9 %H,20 μg/m³,19.3 μg/m³,24.2 °C,0.842 ppm
2024-01-14 12:00:00,426 ppm,80 %H,21.6 μg/m³,20.5 μg/m³,24.0 °C,0.842 ppm
2024-01-14 10:00:00,430 ppm,80 %H,20.9 μg/m³,19.9 μg/m³,23.8 °C,0.836 ppm
2024-01-14 08:00:00,437 ppm,80.1 %H,18.8 μg/m³,17.6 μg/m³,23.6 °C,0.844 ppm
2024-01-14 06:00:00,439 ppm,80 %H,19.6 μg/m³,18.5 μg/m³,23.6 °C,0.814 ppm
2024-01-14 04:00:00,441 ppm,80 %H,19.6 μg/m³,18.8 μg/m³,23.6 °C,0.816 ppm
2024-01-14 02:00:00,451 ppm,80 %H,19.9 μg/m³,18.8 μg/m³,23.5 °C,0.850 ppm
2024-01-14 00:00:00,457 ppm,80 %H,20.8 μg/m³,19.2 μg/m³,23.5 °C,0.785 ppm
2024-01-13 22:00:00,472 ppm,80 %H,20.8 μg/m³,19.2 μg/m³,23.4 °C,0.752 ppm
2024-01-13 20:00:00,472 ppm,80.2 %H,19 μg/m³,18.5 μg/m³,23.3 °C,0.678 ppm
2024-01-13 18:00:00,466 ppm,80.5 %H,15.9 μg/m³,15.4 μg/m³,23.1 °C,0.588 ppm
2024-01-13 16:00:00,468 ppm,80.0 %H,14.8 μg/m³,14.2 μg/m³,22.9 °C,0.655 ppm
2024-01-13 14:00:00,476 ppm,79.8 %H,12.7 μg/m³,12.4 μg/m³,23.0 °C,0.753 ppm
2024-01-13 12:00:00,483 ppm,79.8 %H,12.6 μg/m³,12.2 μg/m³,23.1 °C,0.941 ppm
2024-01-13 10:00:00,502 ppm,79.7 %H,13.1 μg/m³,12.6 μg/m³,23.2 °C,1.15 ppm
2024-01-13 08:00:00,531 ppm,79.9 %H,12.9 μg/m³,12.4 μg/m³,23.3 °C,1.26 ppm
2024-01-13 06:00:00,550 ppm,79.5 %H,12.9 μg/m³,12.2 μg/m³,23.3 °C,1.26 ppm
2024-01-13 04:00:00,565 ppm,79.5 %H,12.5 μg/m³,12 μg/m³,23.3 °C,1.17 ppm
2024-01-13 02:00:00,579 ppm,79.9 %H,12.3 μg/m³,11.8 μg/m³,23.2 °C,1.13 ppm
2024-01-13 00:00:00,602 ppm,80 %H,11.7 μg/m³,11.3 μg/m³,23.2 °C,1.06 ppm
2024-01-12 22:00:00,613 ppm,80.0 %H,11.5 μg/m³,11.1 μg/m³,23.2 °C,0.960 ppm
2024-01-12 20:00:00,632 ppm,80.5 %H,10.6 μg/m³,10.4 μg/m³,23.2 °C,0.921 ppm
2024-01-12 18:00:00,712 ppm,81.0 %H,8.65 μg/m³,8.35 μg/m³,23.0 °C,0.978 ppm
2024-01-12 16:00:00,736 ppm,80.8 %H,6.71 μg/m³,6.65 μg/m³,23.0 °C,0.911 ppm
2024-01-12 14:00:00,697 ppm,80.8 %H,6.18 μg/m³,5.82 μg/m³,23.0 °C,0.878 ppm
2024-01-12 12:00:00,639 ppm,80.9 %H,7.24 μg/m³,7.06 μg/m³,22.9 °C,0.721 ppm
2024-01-12 10:00:00,552 ppm,79.6 %H,9.06 μg/m³,8.89 μg/m³,22.3 °C,0.704 ppm
2024-01-12 08:00:00,524 ppm,78.9 %H,11.1 μg/m³,11 μg/m³,22.6 °C,0.812 ppm
2024-01-12 06:00:00,547 ppm,79.9 %H,13.5 μg/m³,12.9 μg/m³,23.5 °C,0.841 ppm
2024-01-12 04:00:00,570 ppm,79.5 %H,14.9 μg/m³,14.2 μg/m³,23.4 °C,0.853 ppm
2024-01-12 02:00:00,601 ppm,79.5 %H,15.3 μg/m³,14.4 μg/m³,23.3 °C,0.853 ppm
2024-01-12 00:00:00,640 ppm,79.5 %H,14.8 μg/m³,14 μg/m³,23.3 °C,0.846 ppm
2024-01-11 22:00:00,683 ppm,79.1 %H,14.5 μg/m³,14.2 μg/m³,23.1 °C,0.845 ppm
2024-01-11 20:00:00,743 ppm,79.1 %H,11.9 μg/m³,11.7 μg/m³,22.7 °C,0.883 ppm
2024-01-11 18:00:00,852 ppm,79.1 %H,11.6 μg/m³,11.3 μg/m³,22.3 °C,1.10 ppm
2024-01-11 16:00:00,769 ppm,78.6 %H,13.9 μg/m³,13.4 μg/m³,22.3 °C,0.964 ppm
2024-01-11 14:00:00,700 ppm,77.0 %H,14.2 μg/m³,13.9 μg/m³,22.2 °C,0.920 ppm
2024-01-11 12:00:00,651 ppm,78.2 %H,17.8 μg/m³,17.1 μg/m³,22.6 °C,1.12 ppm
2024-01-11 10:00:00,567 ppm,80.8 %H,16.4 μg/m³,15.8 μg/m³,23.1 °C,1.01 ppm
2024-01-11 08:00:00,521 ppm,80.7 %H,13.2 μg/m³,12.7 μg/m³,23.2 °C,1.03 ppm
2024-01-11 06:00:00,532 ppm,80.5 %H,12.1 μg/m³,11.7 μg/m³,23.6 °C,1.05 ppm
2024-01-11 04:00:00,541 ppm,80.5 %H,11 μg/m³,10.3 μg/m³,23.6 °C,1.04 ppm
2024-01-11 02:00:00,551 ppm,80.5 %H,10.4 μg/m³,9.94 μg/m³,23.6 °C,1.03 ppm
2024-01-11 00:00:00,557 ppm,80.5 %H,10.1 μg/m³,9.65 μg/m³,23.5 °C,1.02 ppm
2024-01-10 22:00:00,556 ppm,80.5 %H,9.29 μg/m³,9 μg/m³,23.5 °C,0.929 ppm
2024-01-10 20:00:00,547 ppm,80.6 %H,8.47 μg/m³,8.29 μg/m³,23.5 °C,0.846 ppm
2024-01-10 18:00:00,545 ppm,81 %H,8.12 μg/m³,7.76 μg/m³,23.3 °C,0.766 ppm
2024-01-10 16:00:00,537 ppm,80.9 %H,7 μg/m³,6.89 μg/m³,23.2 °C,0.733 ppm
2024-01-10 14:00:00,521 ppm,80.5 %H,7.18 μg/m³,6.94 μg/m³,23.0 °C,0.709 ppm
2024-01-10 12:00:00,526 ppm,80.5 %H,7 μg/m³,6.94 μg/m³,23.1 °C,0.804 ppm
2024-01-10 10:00:00,537 ppm,81 %H,7 μg/m³,6.94 μg/m³,23.1 °C,0.826 ppm
2024-01-10 08:00:00,559 ppm,80.5 %H,7.65 μg/m³,7.47 μg/m³,23.2 °C,0.891 ppm
2024-01-10 06:00:00,592 ppm,80.4 %H,8.47 μg/m³,8.18 μg/m³,23.7 °C,0.991 ppm
2024-01-10 04:00:00,622 ppm,80.4 %H,8.76 μg/m³,8.41 μg/m³,23.6 °C,1.08 ppm
2024-01-10 02:00:00,665 ppm,80.4 %H,8.33 μg/m³,7.94 μg/m³,23.6 °C,1.12 ppm
2024-01-10 00:00:00,711 ppm,80.5 %H,8 μg/m³,7.71 μg/m³,23.6 °C,1.17 ppm
2024-01-09 22:00:00,759 ppm,80.5 %H,7 μg/m³,6.71 μg/m³,23.5 °C,1.21 ppm
2024-01-09 20:00:00,828 ppm,81.1 %H,6.47 μg/m³,6.35 μg/m³,23.4 °C,1.27 ppm
2024-01-09 18:00:00,913 ppm,81.1 %H,5.59 μg/m³,5.41 μg/m³,23.2 °C,1.44 ppm
2024-01-09 16:00:00,820 ppm,80.6 %H,5.65 μg/m³,5.59 μg/m³,23.1 °C,1.35 ppm
2024-01-09 14:00:00,717 ppm,80 %H,6.88 μg/m³,6.41 μg/m³,23.2 °C,1.30 ppm
2024-01-09 12:00:00,651 ppm,80.5 %H,9.06 μg/m³,8.72 μg/m³,23.4 °C,1.31 ppm
2024-01-09 10:00:00,548 ppm,81.2 %H,11.6 μg/m³,11.3 μg/m³,23.3 °C,1.17 ppm
2024-01-09 08:00:00,523 ppm,81.0 %H,10.6 μg/m³,10.1 μg/m³,23.4 °C,1.01 ppm
2024-01-09 06:00:00,542 ppm,80.8 %H,10.4 μg/m³,10.2 μg/m³,23.7 °C,1.05 ppm
2024-01-09 04:00:00,560 ppm,80.6 %H,11 μg/m³,10.6 μg/m³,23.7 °C,1.06 ppm
2024-01-09 02:00:00,579 ppm,80.8 %H,11.1 μg/m³,10.8 μg/m³,23.6 °C,1.07 ppm
2024-01-09 00:00:00,601 ppm,80.9 %H,9.94 μg/m³,9.29 μg/m³,23.6 °C,1.02 ppm
2024-01-08 22:00:00,623 ppm,81 %H,10.2 μg/m³,9.67 μg/m³,23.5 °C,1.05 ppm
2024-01-08 20:00:00,637 ppm,81.3 %H,8.94 μg/m³,8.59 μg/m³,23.2 °C,0.947 ppm
2024-01-08 18:00:00,693 ppm,81.2 %H,8.76 μg/m³,8.24 μg/m³,23.0 °C,1.06 ppm
2024-01-08 16:00:00,721 ppm,81.3 %H,7.76 μg/m³,7.65 μg/m³,23.1 °C,1.14 ppm
2024-01-08 14:00:00,662 ppm,81.2 %H,7.76 μg/m³,7.65 μg/m³,23.1 °C,1.18 ppm
2024-01-08 12:00:00,598 ppm,80.9 %H,8.71 μg/m³,8.53 μg/m³,23.1 °C,1.41 ppm
2024-01-08 10:00:00,520 ppm,81.5 %H,10.2 μg/m³,9.76 μg/m³,23.2 °C,1.45 ppm
2024-01-08 08:00:00,468 ppm,81.3 %H,10.1 μg/m³,9.83 μg/m³,23.4 °C,1.35 ppm
2024-01-08 06:00:00,470 ppm,81 %H,7.94 μg/m³,7.76 μg/m³,23.8 °C,1.28 ppm
2024-01-08 04:00:00,470 ppm,81 %H,7.82 μg/m³,7.65 μg/m³,23.8 °C,1.24 ppm
2024-01-08 02:00:00,471 ppm,81 %H,8 μg/m³,7.71 μg/m³,23.8 °C,1.20 ppm
2024-01-08 00:00:00,471 ppm,81 %H,8.29 μg/m³,8.18 μg/m³,23.8 °C,1.13 ppm
2024-01-07 22:00:00,465 ppm,81 %H,8.35 μg/m³,8.06 μg/m³,23.8 °C,1.06 ppm
2024-01-07 20:00:00,462 ppm,81 %H,8.29 μg/m³,7.88 μg/m³,23.8 °C,1.01 ppm
2024-01-07 18:00:00,451 ppm,81 %H,8.17 μg/m³,7.78 μg/m³,23.8 °C,0.923 ppm
2024-01-07 16:00:00,444 ppm,81 %H,8.29 μg/m³,8.24 μg/m³,23.9 °C,0.861 ppm
2024-01-07 14:00:00,439 ppm,81 %H,9 μg/m³,8.47 μg/m³,23.9 °C,0.866 ppm
2024-01-07 12:00:00,441 ppm,81 %H,10.2 μg/m³,9.76 μg/m³,23.8 °C,0.845 ppm
2024-01-07 10:00:00,448 ppm,81 %H,8.88 μg/m³,8.53 μg/m³,23.7 °C,0.789 ppm
2024-01-07 08:00:00,456 ppm,81 %H,9.06 μg/m³,8.82 μg/m³,23.7 °C,0.801 ppm
2024-01-07 06:00:00,458 ppm,81 %H,10.2 μg/m³,9.53 μg/m³,23.7 °C,0.792 ppm
2024-01-07 04:00:00,462 ppm,81 %H,10.8 μg/m³,10.2 μg/m³,23.7 °C,0.788 ppm
2024-01-07 02:00:00,468 ppm,81 %H,11.3 μg/m³,10.9 μg/m³,23.7 °C,0.773 ppm
2024-01-07 00:00:00,473 ppm,81.1 %H,11.4 μg/m³,10.9 μg/m³,23.6 °C,0.715 ppm
2024-01-06 22:00:00,475 ppm,81.5 %H,10.5 μg/m³,10.1 μg/m³,23.6 °C,0.635 ppm
2024-01-06 20:00:00,476 ppm,81.6 %H,10 μg/m³,9.59 μg/m³,23.4 °C,0.554 ppm
2024-01-06 18:00:00,479 ppm,81.3 %H,8.94 μg/m³,8.35 μg/m³,23.1 °C,0.537 ppm
2024-01-06 16:00:00,483 ppm,80.9 %H,10.3 μg/m³,9.59 μg/m³,23.0 °C,0.589 ppm
2024-01-06 14:00:00,485 ppm,80.9 %H,10.1 μg/m³,9.28 μg/m³,23.1 °C,0.692 ppm
2024-01-06 12:00:00,489 ppm,81.2 %H,10.6 μg/m³,10.1 μg/m³,23.2 °C,0.731 ppm
2024-01-06 10:00:00,496 ppm,81.4 %H,11.4 μg/m³,10.9 μg/m³,23.2 °C,0.828 ppm
2024-01-06 08:00:00,518 ppm,81.4 %H,10.6 μg/m³,10.2 μg/m³,23.3 °C,0.901 ppm
2024-01-06 06:00:00,535 ppm,81 %H,10.9 μg/m³,10.5 μg/m³,23.6 °C,0.889 ppm
2024-01-06 04:00:00,547 ppm,81 %H,12.1 μg/m³,11.4 μg/m³,23.6 °C,0.912 ppm
2024-01-06 02:00:00,564 ppm,81 %H,11.8 μg/m³,11.2 μg/m³,23.6 °C,0.941 ppm
2024-01-06 00:00:00,583 ppm,81 %H,10.9 μg/m³,10.4 μg/m³,23.5 °C,0.911 ppm
2024-01-05 22:00:00,599 ppm,81.1 %H,10.9 μg/m³,10.2 μg/m³,23.4 °C,0.930 ppm
2024-01-05 20:00:00,610 ppm,81.5 %H,10.9 μg/m³,10.4 μg/m³,23.2 °C,0.825 ppm
2024-01-05 18:00:00,652 ppm,81.5 %H,9.24 μg/m³,9.18 μg/m³,23.1 °C,0.931 ppm
2024-01-05 16:00:00,727 ppm,81.2 %H,7.24 μg/m³,6.88 μg/m³,23.2 °C,1.14 ppm
2024-01-05 14:00:00,698 ppm,81.5 %H,7.18 μg/m³,6.65 μg/m³,23.1 °C,0.968 ppm
2024-01-05 12:00:00,644 ppm,81.3 %H,6.35 μg/m³,6.35 μg/m³,23.2 °C,0.934 ppm
2024-01-05 10:00:00,567 ppm,81.4 %H,7.11 μg/m³,6.89 μg/m³,23.2 °C,0.866 ppm
2024-01-05 08:00:00,542 ppm,81.1 %H,6.82 μg/m³,6.71 μg/m³,23.1 °C,0.901 ppm
2024-01-05 06:00:00,557 ppm,81 %H,7.41 μg/m³,7.24 μg/m³,23.6 °C,0.939 ppm
2024-01-05 04:00:00,564 ppm,81 %H,6.94 μg/m³,6.88 μg/m³,23.6 °C,0.918 ppm
2024-01-05 02:00:00,579 ppm,81 %H,7.24 μg/m³,7.12 μg/m³,23.5 °C,0.946 ppm
2024-01-05 00:00:00,592 ppm,81 %H,8.47 μg/m³,8.24 μg/m³,23.5 °C,0.954 ppm
2024-01-04 22:00:00,596 ppm,81 %H,8.18 μg/m³,7.88 μg/m³,23.4 °C,0.964 ppm
2024-01-04 20:00:00,594 ppm,81.1 %H,8.33 μg/m³,8.06 μg/m³,23.2 °C,0.919 ppm
2024-01-04 18:00:00,594 ppm,81.4 %H,7.88 μg/m³,7.71 μg/m³,23.0 °C,0.886 ppm
2024-01-04 16:00:00,566 ppm,81.3 %H,8.18 μg/m³,8.06 μg/m³,23.2 °C,0.918 ppm
2024-01-04 14:00:00,535 ppm,81.9 %H,9.18 μg/m³,9 μg/m³,23.0 °C,0.834 ppm
2024-01-04 12:00:00,513 ppm,81.4 %H,8.88 μg/m³,8.59 μg/m³,23.1 °C,0.801 ppm
2024-01-04 10:00:00,509 ppm,81.5 %H,8.82 μg/m³,8.53 μg/m³,23.3 °C,0.780 ppm
2024-01-04 08:00:00,517 ppm,81.2 %H,9.24 μg/m³,8.82 μg/m³,23.4 °C,0.827 ppm
2024-01-04 06:00:00,532 ppm,81.1 %H,12.2 μg/m³,11.9 μg/m³,23.7 °C,0.821 ppm
2024-01-04 04:00:00,557 ppm,81 %H,13.6 μg/m³,12.9 μg/m³,23.7 °C,0.918 ppm
2024-01-04 02:00:00,580 ppm,81 %H,13.9 μg/m³,13 μg/m³,23.7 °C,0.938 ppm
2024-01-04 00:00:00,607 ppm,81 %H,14.1 μg/m³,13.2 μg/m³,23.6 °C,0.975 ppm
2024-01-03 22:00:00,637 ppm,81 %H,14.7 μg/m³,13.7 μg/m³,23.6 °C,1 ppm
2024-01-03 20:00:00,660 ppm,81.2 %H,13 μg/m³,12.5 μg/m³,23.4 °C,1.01 ppm
2024-01-03 18:00:00,714 ppm,81.2 %H,9.76 μg/m³,9.59 μg/m³,23.0 °C,1.10 ppm
2024-01-03 16:00:00,718 ppm,80.9 %H,8.11 μg/m³,7.89 μg/m³,23.1 °C,1.00 ppm
2024-01-03 14:00:00,684 ppm,80.6 %H,9.24 μg/m³,8.82 μg/m³,23.2 °C,0.777 ppm
2024-01-03 12:00:00,633 ppm,81.0 %H,11.3 μg/m³,11.1 μg/m³,23.2 °C,0.786 ppm
2024-01-03 10:00:00,529 ppm,80.9 %H,14.1 μg/m³,13.1 μg/m³,23.1 °C,0.796 ppm
2024-01-03 08:00:00,500 ppm,80.9 %H,10.3 μg/m³,9.94 μg/m³,23.3 °C,0.761 ppm
2024-01-03 06:00:00,511 ppm,81 %H,11.1 μg/m³,10.6 μg/m³,23.7 °C,0.775 ppm
2024-01-03 04:00:00,528 ppm,81 %H,9.76 μg/m³,9.41 μg/m³,23.7 °C,0.795 ppm
2024-01-03 02:00:00,547 ppm,81 %H,10.3 μg/m³,9.61 μg/m³,23.7 °C,0.789 ppm
2024-01-03 00:00:00,575 ppm,81 %H,9.47 μg/m³,9.06 μg/m³,23.6 °C,0.786 ppm
2024-01-02 22:00:00,601 ppm,81 %H,8.65 μg/m³,8.29 μg/m³,23.6 °C,0.800 ppm
2024-01-02 20:00:00,631 ppm,81.3 %H,8.59 μg/m³,8.12 μg/m³,23.4 °C,0.796 ppm
2024-01-02 18:00:00,715 ppm,81.3 %H,7.65 μg/m³,7.53 μg/m³,23.2 °C,0.944 ppm
2024-01-02 16:00:00,730 ppm,81.0 %H,6.82 μg/m³,6.53 μg/m³,23.2 °C,1.01 ppm
2024-01-02 14:00:00,642 ppm,80.9 %H,6.65 μg/m³,6.53 μg/m³,23.2 °C,0.988 ppm
2024-01-02 12:00:00,578 ppm,80.9 %H,7.56 μg/m³,7.44 μg/m³,23.2 °C,0.998 ppm
2024-01-02 10:00:00,486 ppm,81.0 %H,7.47 μg/m³,7.47 μg/m³,23.1 °C,0.850 ppm
2024-01-02 08:00:00,441 ppm,80.6 %H,8.71 μg/m³,8.47 μg/m³,23.2 °C,0.883 ppm
2024-01-02 06:00:00,441 ppm,80.5 %H,8.71 μg/m³,8.47 μg/m³,23.7 °C,0.840 ppm
2024-01-02 04:00:00,445 ppm,80.5 %H,8.88 μg/m³,8.59 μg/m³,23.7 °C,0.838 ppm
2024-01-02 02:00:00,448 ppm,80.8 %H,9.41 μg/m³,9 μg/m³,23.6 °C,0.784 ppm
2024-01-02 00:00:00,453 ppm,81 %H,10.3 μg/m³,9.82 μg/m³,23.6 °C,0.761 ppm
2024-01-01 22:00:00,451 ppm,81.3 %H,10.1 μg/m³,9.56 μg/m³,23.6 °C,0.799 ppm
2024-01-01 20:00:00,445 ppm,81.7 %H,9.94 μg/m³,9.65 μg/m³,23.4 °C,0.744 ppm
2024-01-01 18:00:00,440 ppm,81.9 %H,9.24 μg/m³,9 μg/m³,23.2 °C,0.666 ppm
2024-01-01 16:00:00,435 ppm,81.8 %H,10.1 μg/m³,9.88 μg/m³,23.0 °C,0.711 ppm
2024-01-01 14:00:00,437 ppm,81.4 %H,11.4 μg/m³,10.9 μg/m³,23.1 °C,0.745 ppm
2024-01-01 12:00:00,445 ppm,81.1 %H,12.4 μg/m³,11.8 μg/m³,23.2 °C,0.809 ppm
2024-01-01 10:00:00,460 ppm,81.7 %H,12.5 μg/m³,12.1 μg/m³,23.3 °C,0.848 ppm
2024-01-01 08:00:00,468 ppm,81.2 %H,15.6 μg/m³,15 μg/m³,23.5 °C,0.969 ppm
2024-01-01 06:00:00,474 ppm,81.5 %H,16.5 μg/m³,15.7 μg/m³,24.1 °C,0.918 ppm
2024-01-01 04:00:00,475 ppm,81.2 %H,16.2 μg/m³,15.3 μg/m³,24.1 °C,0.932 ppm
2024-01-01 02:00:00,472 ppm,81 %H,14.9 μg/m³,14 μg/m³,24.0 °C,0.849 ppm
2024-01-01 00:00:00,471 ppm,81 %H,13.2 μg/m³,12.9 μg/m³,24.0 °C,0.827 ppm
2023-12-31 22:00:00,464 ppm,81 %H,13.1 μg/m³,12.7 μg/m³,24.0 °C,0.754 ppm
2023-12-31 20:00:00,459 ppm,80.8 %H,14.4 μg/m³,14 μg/m³,24.0 °C,0.754 ppm
2023-12-31 18:00:00,454 ppm,80.5 %H,16 μg/m³,15.3 μg/m³,24.1 °C,0.741 ppm
2023-12-31 16:00:00,451 ppm,80.5 %H,19.4 μg/m³,18.9 μg/m³,24.1 °C,0.715 ppm
2023-12-31 14:00:00,448 ppm,80.5 %H,22.5 μg/m³,21.8 μg/m³,24.2 °C,0.766 ppm
2023-12-31 12:00:00,446 ppm,80.7 %H,24.3 μg/m³,23.5 μg/m³,24.0 °C,0.716 ppm
2023-12-31 10:00:00,449 ppm,81 %H,22.7 μg/m³,22.2 μg/m³,23.9 °C,0.721 ppm
2023-12-31 08:00:00,453 ppm,81 %H,20.5 μg/m³,19.8 μg/m³,23.8 °C,0.763 ppm
2023-12-31 06:00:00,455 ppm,81 %H,21.3 μg/m³,20.5 μg/m³,23.7 °C,0.805 ppm
2023-12-31 04:00:00,457 ppm,81 %H,20.9 μg/m³,20.1 μg/m³,23.7 °C,0.776 ppm
2023-12-31 02:00:00,463 ppm,81 %H,21.2 μg/m³,20 μg/m³,23.6 °C,0.733 ppm
2023-12-31 00:00:00,467 ppm,81 %H,19.5 μg/m³,19.1 μg/m³,23.6 °C,0.695 ppm
2023-12-30 22:00:00,472 ppm,81 %H,18.6 μg/m³,17.6 μg/m³,23.5 °C,0.669 ppm
2023-12-30 20:00:00,465 ppm,81 %H,16.7 μg/m³,16.3 μg/m³,23.3 °C,0.536 ppm
2023-12-30 18:00:00,460 ppm,81.2 %H,15.4 μg/m³,15.1 μg/m³,23.2 °C,0.437 ppm
2023-12-30 16:00:00,459 ppm,80.8 %H,15.2 μg/m³,14.8 μg/m³,22.9 °C,0.399 ppm
2023-12-30 14:00:00,458 ppm,80.4 %H,17.2 μg/m³,16.4 μg/m³,23.1 °C,0.372 ppm
2023-12-30 12:00:00,462 ppm,80.6 %H,15.5 μg/m³,15.3 μg/m³,23.1 °C,0.372 ppm
2023-12-30 10:00:00,474 ppm,80.9 %H,16.6 μg/m³,15.9 μg/m³,23.1 °C,0.436 ppm
2023-12-30 08:00:00,491 ppm,80.9 %H,16.4 μg/m³,15.9 μg/m³,23.3 °C,0.544 ppm
2023-12-30 06:00:00,502 ppm,81 %H,16.1 μg/m³,15.4 μg/m³,23.7 °C,0.560 ppm
2023-12-30 04:00:00,513 ppm,80.9 %H,14.5 μg/m³,14.2 μg/m³,23.7 °C,0.501 ppm
2023-12-30 02:00:00,523 ppm,80.7 %H,14.4 μg/m³,14 μg/m³,23.6 °C,0.511 ppm
2023-12-30 00:00:00,534 ppm,80.7 %H,12.8 μg/m³,12.6 μg/m³,23.5 °C,0.498 ppm
2023-12-29 22:00:00,543 ppm,80.9 %H,11.3 μg/m³,11.1 μg/m³,23.5 °C,0.501 ppm
2023-12-29 20:00:00,539 ppm,81 %H,9.59 μg/m³,9.29 μg/m³,23.3 °C,0.412 ppm
2023-12-29 18:00:00,544 ppm,80.9 %H,8.88 μg/m³,8.59 μg/m³,23.1 °C,0.387 ppm
2023-12-29 16:00:00,535 ppm,80.3 %H,8.12 μg/m³,7.94 μg/m³,23.0 °C,0.352 ppm
2023-12-29 14:00:00,527 ppm,80.2 %H,8.59 μg/m³,8.12 μg/m³,23.0 °C,0.344 ppm
2023-12-29 12:00:00,529 ppm,80.3 %H,8.29 μg/m³,8.24 μg/m³,23.0 °C,0.346 ppm
2023-12-29 10:00:00,523 ppm,80.9 %H,9.44 μg/m³,9 μg/m³,23.1 °C,0.339 ppm
2023-12-29 08:00:00,543 ppm,80.6 %H,11.2 μg/m³,10.9 μg/m³,23.2 °C,0.351 ppm
2023-12-29 06:00:00,563 ppm,80.5 %H,13.9 μg/m³,13.1 μg/m³,23.6 °C,0.375 ppm
2023-12-29 04:00:00,577 ppm,80.5 %H,14.2 μg/m³,13.2 μg/m³,23.6 °C,0.376 ppm
2023-12-29 02:00:00,594 ppm,80.5 %H,13.8 μg/m³,13.1 μg/m³,23.6 °C,0.387 ppm
2023-12-29 00:00:00,611 ppm,80.5 %H,12.5 μg/m³,12.2 μg/m³,23.5 °C,0.378 ppm
2023-12-28 22:00:00,621 ppm,80.5 %H,12.1 μg/m³,11.8 μg/m³,23.5 °C,0.336 ppm
2023-12-28 20:00:00,618 ppm,80.6 %H,11.7 μg/m³,11.4 μg/m³,23.4 °C,0.309 ppm
2023-12-28 18:00:00,629 ppm,80.9 %H,10.7 μg/m³,10.6 μg/m³,23.3 °C,0.298 ppm
2023-12-28 16:00:00,607 ppm,80.9 %H,11.1 μg/m³,10.8 μg/m³,23.2 °C,0.280 ppm
2023-12-28 14:00:00,568 ppm,80.4 %H,13.2 μg/m³,12.9 μg/m³,23.0 °C,0.281 ppm
2023-12-28 12:00:00,547 ppm,80.3 %H,18.1 μg/m³,17.3 μg/m³,23.0 °C,0.263 ppm
2023-12-28 10:00:00,527 ppm,80.7 %H,16.4 μg/m³,15.9 μg/m³,23.0 °C,0.328 ppm
2023-12-28 08:00:00,536 ppm,80.3 %H,10.1 μg/m³,9.94 μg/m³,23.2 °C,0.877 ppm
2023-12-28 06:00:00,557 ppm,80 %H,10.2 μg/m³,9.83 μg/m³,23.6 °C,1.27 ppm
2023-12-28 04:00:00,576 ppm,80 %H,11.5 μg/m³,10.9 μg/m³,23.6 °C,1.53 ppm
2023-12-28 02:00:00,597 ppm,80 %H,10.5 μg/m³,10.5 μg/m³,23.6 °C,1.85 ppm
2023-12-28 00:00:00,617 ppm,80 %H,10.5 μg/m³,10 μg/m³,23.5 °C,2.18 ppm
2023-12-27 22:00:00,639 ppm,80.2 %H,11 μg/m³,10.6 μg/m³,23.5 °C,2.44 ppm
2023-12-27 20:00:00,653 ppm,80.6 %H,10.5 μg/m³,10.5 μg/m³,23.3 °C,2.44 ppm
2023-12-27 18:00:00,690 ppm,80.7 %H,10.6 μg/m³,10.3 μg/m³,23.0 °C,1.52 ppm
2023-12-27 16:00:00,586 ppm,80.3 %H,11.2 μg/m³,10.4 μg/m³,23.2 °C,0.692 ppm
2023-12-27 14:00:00,520 ppm,80.6 %H,11.5 μg/m³,11.1 μg/m³,23.2 °C,0.583 ppm
2023-12-27 12:00:00,507 ppm,80.4 %H,14.1 μg/m³,13.5 μg/m³,23.0 °C,0.614 ppm
2023-12-27 10:00:00,490 ppm,80.3 %H,12.4 μg/m³,12.1 μg/m³,23.1 °C,0.601 ppm
2023-12-27 08:00:00,495 ppm,79.9 %H,9.12 μg/m³,8.82 μg/m³,23.3 °C,0.618 ppm
2023-12-27 06:00:00,504 ppm,79.5 %H,9.65 μg/m³,9.59 μg/m³,23.8 °C,0.593 ppm
2023-12-27 04:00:00,515 ppm,79.5 %H,9.82 μg/m³,9.35 μg/m³,23.7 °C,0.644 ppm
2023-12-27 02:00:00,531 ppm,79.5 %H,10.2 μg/m³,9.56 μg/m³,23.7 °C,0.659 ppm
2023-12-27 00:00:00,548 ppm,79.9 %H,9.88 μg/m³,9.76 μg/m³,23.6 °C,0.611 ppm
2023-12-26 22:00:00,550 ppm,80 %H,9.59 μg/m³,9.24 μg/m³,23.6 °C,0.678 ppm
2023-12-26 20:00:00,544 ppm,80.4 %H,9.35 μg/m³,8.82 μg/m³,23.4 °C,0.602 ppm
2023-12-26 18:00:00,544 ppm,80.7 %H,8.53 μg/m³,8.18 μg/m³,23.1 °C,0.549 ppm
2023-12-26 16:00:00,529 ppm,79.9 %H,8.35 μg/m³,8.18 μg/m³,23.0 °C,0.575 ppm
2023-12-26 14:00:00,511 ppm,79.7 %H,7.94 μg/m³,7.94 μg/m³,23.1 °C,0.581 ppm
2023-12-26 12:00:00,482 ppm,79.9 %H,7.89 μg/m³,7.78 μg/m³,23.1 °C,0.621 ppm
2023-12-26 10:00:00,444 ppm,80.5 %H,9 μg/m³,8.76 μg/m³,23.1 °C,0.615 ppm
2023-12-26 08:00:00,437 ppm,80 %H,10.9 μg/m³,10.4 μg/m³,23.3 °C,0.732 ppm
2023-12-26 06:00:00,436 ppm,80 %H,11.6 μg/m³,11.1 μg/m³,23.9 °C,0.758 ppm
2023-12-26 04:00:00,436 ppm,80 %H,12.1 μg/m³,11.5 μg/m³,23.9 °C,0.757 ppm
2023-12-26 02:00:00,437 ppm,80 %H,12.5 μg/m³,12 μg/m³,23.9 °C,0.752 ppm
2023-12-26 00:00:00,437 ppm,80.2 %H,11.2 μg/m³,10.7 μg/m³,23.8 °C,0.686 ppm
2023-12-25 22:00:00,434 ppm,80.5 %H,9.28 μg/m³,8.94 μg/m³,23.7 °C,0.634 ppm
2023-12-25 20:00:00,429 ppm,81.0 %H,7.82 μg/m³,7.82 μg/m³,23.5 °C,0.526 ppm
2023-12-25 18:00:00,424 ppm,81.2 %H,7.29 μg/m³,7.24 μg/m³,23.1 °C,0.453 ppm
2023-12-25 16:00:00,419 ppm,81 %H,7.06 μg/m³,6.94 μg/m³,23.2 °C,0.467 ppm
2023-12-25 14:00:00,415 ppm,81.0 %H,7.47 μg/m³,7.24 μg/m³,23.1 °C,0.499 ppm
2023-12-25 12:00:00,415 ppm,80.1 %H,8.35 μg/m³,8.35 μg/m³,23.3 °C,0.533 ppm
2023-12-25 10:00:00,412 ppm,79.6 %H,9.35 μg/m³,9.18 μg/m³,23.4 °C,0.647 ppm
2023-12-25 08:00:00,413 ppm,78.9 %H,11.2 μg/m³,11 μg/m³,23.5 °C,0.801 ppm
2023-12-25 06:00:00,420 ppm,80.5 %H,13.6 μg/m³,12.8 μg/m³,24.5 °C,0.786 ppm
2023-12-25 04:00:00,423 ppm,80.5 %H,13.7 μg/m³,13.4 μg/m³,24.5 °C,0.781 ppm
2023-12-25 02:00:00,431 ppm,80.5 %H,14.4 μg/m³,14.2 μg/m³,24.5 °C,0.789 ppm
2023-12-25 00:00:00,440 ppm,80.5 %H,15.5 μg/m³,14.8 μg/m³,24.5 °C,0.775 ppm
2023-12-24 22:00:00,445 ppm,80 %H,17.2 μg/m³,16.9 μg/m³,24.5 °C,0.775 ppm
2023-12-24 20:00:00,444 ppm,80.0 %H,19.4 μg/m³,18.6 μg/m³,24.5 °C,0.782 ppm
2023-12-24 18:00:00,442 ppm,79.6 %H,21.7 μg/m³,20.9 μg/m³,24.6 °C,0.809 ppm
2023-12-24 16:00:00,435 ppm,79.5 %H,22.6 μg/m³,22.1 μg/m³,24.6 °C,0.847 ppm
2023-12-24 14:00:00,427 ppm,79.6 %H,20.5 μg/m³,19.8 μg/m³,24.5 °C,0.888 ppm
2023-12-24 12:00:00,428 ppm,80 %H,17.4 μg/m³,16.9 μg/m³,24.3 °C,0.892 ppm
2023-12-24 10:00:00,433 ppm,80 %H,14.8 μg/m³,14.2 μg/m³,24.1 °C,0.886 ppm
2023-12-24 08:00:00,435 ppm,80.5 %H,13.8 μg/m³,13.6 μg/m³,23.9 °C,0.879 ppm
2023-12-24 06:00:00,438 ppm,80.5 %H,15.2 μg/m³,14.7 μg/m³,23.8 °C,0.909 ppm
2023-12-24 04:00:00,443 ppm,80.5 %H,15.8 μg/m³,15.2 μg/m³,23.8 °C,0.886 ppm
2023-12-24 02:00:00,447 ppm,80.5 %H,16.6 μg/m³,15.8 μg/m³,23.8 °C,0.872 ppm
2023-12-24 00:00:00,447 ppm,80.5 %H,14 μg/m³,13.2 μg/m³,23.7 °C,0.849 ppm
2023-12-23 22:00:00,446 ppm,80.5 %H,13.4 μg/m³,13 μg/m³,23.6 °C,0.786 ppm
2023-12-23 20:00:00,439 ppm,80.8 %H,11.4 μg/m³,11.1 μg/m³,23.4 °C,0.702 ppm
2023-12-23 18:00:00,438 ppm,80.9 %H,10.8 μg/m³,10.6 μg/m³,23.3 °C,0.689 ppm
2023-12-23 16:00:00,432 ppm,81.1 %H,9.12 μg/m³,8.82 μg/m³,23.1 °C,0.563 ppm
2023-12-23 14:00:00,426 ppm,81 %H,8 μg/m³,7.89 μg/m³,23.1 °C,0.524 ppm
2023-12-23 12:00:00,413 ppm,81 %H,7.29 μg/m³,7.24 μg/m³,23.2 °C,0.554 ppm
2023-12-23 10:00:00,424 ppm,80.9 %H,7.19 μg/m³,6.88 μg/m³,23.1 °C,0.623 ppm
2023-12-23 08:00:00,431 ppm,80.4 %H,6.94 μg/m³,6.59 μg/m³,23.3 °C,0.682 ppm
2023-12-23 06:00:00,443 ppm,80.5 %H,8.29 μg/m³,7.82 μg/m³,24.0 °C,0.719 ppm
2023-12-23 04:00:00,453 ppm,80.2 %H,8.47 μg/m³,8.24 μg/m³,23.9 °C,0.695 ppm
2023-12-23 02:00:00,468 ppm,80 %H,8.94 μg/m³,8.53 μg/m³,23.9 °C,0.665 ppm
2023-12-23 00:00:00,485 ppm,80 %H,8.89 μg/m³,8.28 μg/m³,23.8 °C,0.597 ppm
2023-12-22 22:00:00,498 ppm,80.1 %H,9.29 μg/m³,8.88 μg/m³,23.7 °C,0.531 ppm
2023-12-22 20:00:00,505 ppm,80.5 %H,9.24 μg/m³,8.88 μg/m³,23.3 °C,0.409 ppm
2023-12-22 18:00:00,529 ppm,80.3 %H,9.35 μg/m³,9.06 μg/m³,23.1 °C,0.413 ppm
2023-12-22 16:00:00,585 ppm,80 %H,10 μg/m³,9.82 μg/m³,23.1 °C,0.386 ppm
2023-12-22 14:00:00,601 ppm,79.8 %H,11.2 μg/m³,10.6 μg/m³,23.0 °C,0.435 ppm
2023-12-22 12:00:00,559 ppm,80.0 %H,11.4 μg/m³,10.6 μg/m³,23.1 °C,0.471 ppm
2023-12-22 10:00:00,504 ppm,80.6 %H,9.17 μg/m³,8.67 μg/m³,23.1 °C,0.462 ppm
2023-12-22 08:00:00,459 ppm,80.4 %H,7.47 μg/m³,7.18 μg/m³,23.3 °C,0.506 ppm
2023-12-22 06:00:00,475 ppm,80.5 %H,7.88 μg/m³,7.29 μg/m³,23.9 °C,0.549 ppm
2023-12-22 04:00:00,485 ppm,80.2 %H,7.59 μg/m³,7.24 μg/m³,23.9 °C,0.519 ppm
2023-12-22 02:00:00,500 ppm,80 %H,7.12 μg/m³,7 μg/m³,23.8 °C,0.579 ppm
2023-12-22 00:00:00,512 ppm,80.3 %H,7.94 μg/m³,7.53 μg/m³,23.8 °C,0.536 ppm
2023-12-21 22:00:00,513 ppm,80.5 %H,6.88 μg/m³,6.65 μg/m³,23.6 °C,0.505 ppm
2023-12-21 20:00:00,506 ppm,80.8 %H,6.33 μg/m³,6.28 μg/m³,23.4 °C,0.425 ppm
2023-12-21 18:00:00,510 ppm,80.8 %H,6.35 μg/m³,5.94 μg/m³,23.1 °C,0.421 ppm
2023-12-21 16:00:00,512 ppm,80.5 %H,6.29 μg/m³,6.24 μg/m³,23.2 °C,0.434 ppm
2023-12-21 14:00:00,501 ppm,80.1 %H,5.71 μg/m³,5.65 μg/m³,23.1 °C,0.364 ppm
2023-12-21 12:00:00,500 ppm,79.9 %H,6.41 μg/m³,6.35 μg/m³,23.1 °C,0.395 ppm
2023-12-21 10:00:00,496 ppm,80.5 %H,7.41 μg/m³,7.18 μg/m³,23.2 °C,0.409 ppm
2023-12-21 08:00:00,518 ppm,80.1 %H,8.41 μg/m³,8.12 μg/m³,23.4 °C,0.575 ppm
2023-12-21 06:00:00,561 ppm,80 %H,10.7 μg/m³,10 μg/m³,24 °C,0.596 ppm
2023-12-21 04:00:00,602 ppm,80 %H,10.5 μg/m³,10 μg/m³,24.0 °C,0.625 ppm
2023-12-21 02:00:00,657 ppm,80 %H,11 μg/m³,10.6 μg/m³,23.9 °C,0.664 ppm
2023-12-21 00:00:00,728 ppm,80 %H,10.9 μg/m³,10.5 μg/m³,23.9 °C,0.724 ppm
2023-12-20 22:00:00,823 ppm,80.3 %H,10.4 μg/m³,10.2 μg/m³,23.7 °C,0.738 ppm
2023-12-20 20:00:00,954 ppm,80.7 %H,10.4 μg/m³,9.82 μg/m³,23.5 °C,0.814 ppm
2023-12-20 18:00:00,1314 ppm,80.3 %H,7.59 μg/m³,7.29 μg/m³,23.3 °C,1.15 ppm
2023-12-20 16:00:00,1029 ppm,79.4 %H,6.44 μg/m³,6.11 μg/m³,23.5 °C,0.879 ppm
2023-12-20 14:00:00,614 ppm,80.3 %H,6.94 μg/m³,6.71 μg/m³,23.3 °C,0.535 ppm
2023-12-20 12:00:00,588 ppm,80.6 %H,7.94 μg/m³,7.88 μg/m³,23.3 °C,0.586 ppm
2023-12-20 10:00:00,517 ppm,80.6 %H,11.2 μg/m³,10.8 μg/m³,23.1 °C,0.581 ppm
2023-12-20 08:00:00,497 ppm,80.4 %H,12.5 μg/m³,12.2 μg/m³,23.3 °C,0.692 ppm
2023-12-20 06:00:00,522 ppm,80.5 %H,14.1 μg/m³,12.9 μg/m³,24 °C,0.695 ppm
2023-12-20 04:00:00,544 ppm,80.4 %H,13.4 μg/m³,12.9 μg/m³,23.9 °C,0.736 ppm
2023-12-20 02:00:00,580 ppm,80.3 %H,13.8 μg/m³,13 μg/m³,23.9 °C,0.782 ppm
2023-12-20 00:00:00,625 ppm,80.5 %H,13.8 μg/m³,12.8 μg/m³,23.8 °C,0.823 ppm
2023-12-19 22:00:00,675 ppm,80.5 %H,13.5 μg/m³,12.7 μg/m³,23.7 °C,0.866 ppm
2023-12-19 20:00:00,731 ppm,80.9 %H,11.6 μg/m³,11.1 μg/m³,23.4 °C,0.862 ppm
2023-12-19 18:00:00,833 ppm,80.9 %H,11 μg/m³,10.8 μg/m³,23.1 °C,0.949 ppm
2023-12-19 16:00:00,734 ppm,80.6 %H,9.35 μg/m³,9 μg/m³,23.2 °C,0.659 ppm
2023-12-19 14:00:00,632 ppm,80 %H,10 μg/m³,9.82 μg/m³,23.1 °C,0.589 ppm
2023-12-19 12:00:00,590 ppm,80.1 %H,12.9 μg/m³,12.7 μg/m³,23.2 °C,0.646 ppm
2023-12-19 10:00:00,510 ppm,80.5 %H,14.8 μg/m³,14.1 μg/m³,23.2 °C,0.672 ppm
2023-12-19 08:00:00,454 ppm,79.9 %H,12.8 μg/m³,12.5 μg/m³,23.4 °C,0.702 ppm
2023-12-19 06:00:00,467 ppm,80.1 %H,14.8 μg/m³,14.2 μg/m³,24.1 °C,0.711 ppm
2023-12-19 04:00:00,480 ppm,80 %H,14.9 μg/m³,13.9 μg/m³,24.1 °C,0.764 ppm
2023-12-19 02:00:00,492 ppm,80 %H,14.5 μg/m³,13.7 μg/m³,24 °C,0.746 ppm
2023-12-19 00:00:00,508 ppm,80 %H,15.6 μg/m³,15 μg/m³,23.9 °C,0.767 ppm
2023-12-18 22:00:00,516 ppm,80.3 %H,15.4 μg/m³,14.4 μg/m³,23.8 °C,0.758 ppm
2023-12-18 20:00:00,505 ppm,80.7 %H,13.2 μg/m³,12.9 μg/m³,23.5 °C,0.637 ppm
2023-12-18 18:00:00,485 ppm,80.6 %H,10.9 μg/m³,10.5 μg/m³,23.2 °C,0.593 ppm
2023-12-18 16:00:00,454 ppm,80 %H,10.1 μg/m³,10 μg/m³,23.2 °C,0.564 ppm
2023-12-18 14:00:00,434 ppm,79.5 %H,10.4 μg/m³,10.1 μg/m³,23.2 °C,0.525 ppm
2023-12-18 12:00:00,428 ppm,79.9 %H,11.6 μg/m³,11.5 μg/m³,23.2 °C,0.576 ppm
2023-12-18 10:00:00,422 ppm,80.1 %H,11.4 μg/m³,11.2 μg/m³,23.2 °C,0.649 ppm
2023-12-18 08:00:00,424 ppm,79.5 %H,12.8 μg/m³,12.5 μg/m³,23.5 °C,0.739 ppm
2023-12-18 06:00:00,430 ppm,80.7 %H,14.6 μg/m³,13.8 μg/m³,24.4 °C,0.687 ppm
2023-12-18 04:00:00,437 ppm,80.5 %H,14.9 μg/m³,14.2 μg/m³,24.4 °C,0.648 ppm
2023-12-18 02:00:00,440 ppm,80.5 %H,15.9 μg/m³,14.4 μg/m³,24.4 °C,0.694 ppm
2023-12-18 00:00:00,446 ppm,80.5 %H,15.2 μg/m³,14.5 μg/m³,24.4 °C,0.645 ppm
2023-12-17 22:00:00,451 ppm,80.4 %H,15.8 μg/m³,15.1 μg/m³,24.5 °C,0.626 ppm
2023-12-17 20:00:00,446 ppm,80 %H,16.4 μg/m³,15.4 μg/m³,24.5 °C,0.608 ppm
2023-12-17 18:00:00,439 ppm,80 %H,16.9 μg/m³,16.1 μg/m³,24.5 °C,0.638 ppm
2023-12-17 16:00:00,432 ppm,80 %H,17.6 μg/m³,16.9 μg/m³,24.6 °C,0.711 ppm
2023-12-17 14:00:00,424 ppm,80 %H,17.2 μg/m³,16.5 μg/m³,24.5 °C,0.729 ppm
2023-12-17 12:00:00,423 ppm,80 %H,16.6 μg/m³,16 μg/m³,24.3 °C,0.732 ppm
2023-12-17 10:00:00,430 ppm,80.3 %H,15.6 μg/m³,14.9 μg/m³,24.1 °C,0.769 ppm
2023-12-17 08:00:00,442 ppm,80.5 %H,13.9 μg/m³,13.4 μg/m³,23.9 °C,0.816 ppm
2023-12-17 06:00:00,451 ppm,80.5 %H,13.1 μg/m³,12.8 μg/m³,23.8 °C,0.851 ppm
2023-12-17 04:00:00,461 ppm,80.5 %H,12.9 μg/m³,12.5 μg/m³,23.8 °C,0.834 ppm
2023-12-17 02:00:00,475 ppm,80.5 %H,13.1 μg/m³,12.4 μg/m³,23.7 °C,0.846 ppm
2023-12-17 00:00:00,483 ppm,80.5 %H,12.2 μg/m³,11.7 μg/m³,23.7 °C,0.831 ppm
2023-12-16 22:00:00,486 ppm,80.5 %H,11.1 μg/m³,10.5 μg/m³,23.6 °C,0.777 ppm
2023-12-16 20:00:00,476 ppm,80.7 %H,10 μg/m³,9.88 μg/m³,23.5 °C,0.783 ppm
2023-12-16 18:00:00,478 ppm,81.1 %H,10.3 μg/m³,9.75 μg/m³,23.2 °C,0.755 ppm