Time,CO2,Humidity,PM10,PM2.5,Temperature,TVOC
2024-02-12 22:00:00,456 ppm,79 %H,5.60 μg/m³,5.60 μg/m³,24 °C,0.642 ppm
2024-02-12 23:00:00,456 ppm,79 %H,5.25 μg/m³,5.13 μg/m³,24.1 °C,0.711 ppm
2024-02-13 00:00:00,456 ppm,79 %H,6 μg/m³,5.89 μg/m³,24.2 °C,0.744 ppm
2024-02-13 01:00:00,450 ppm,79 %H,6.44 μg/m³,6.33 μg/m³,24.2 °C,0.759 ppm
2024-02-13 02:00:00,447 ppm,79 %H,6.25 μg/m³,5.88 μg/m³,24.3 °C,0.775 ppm
2024-02-13 03:00:00,443 ppm,79 %H,6.11 μg/m³,6 μg/m³,24.3 °C,0.788 ppm
2024-02-13 04:00:00,438 ppm,79 %H,6.50 μg/m³,6.50 μg/m³,24.4 °C,0.733 ppm
2024-02-13 05:00:00,433 ppm,79 %H,6.67 μg/m³,6.67 μg/m³,24.4 °C,0.793 ppm
2024-02-13 06:00:00,433 ppm,79 %H,6.75 μg/m³,6.50 μg/m³,24.4 °C,0.810 ppm
2024-02-13 07:00:00,432 ppm,79 %H,7.33 μg/m³,6.89 μg/m³,24.5 °C,0.802 ppm
2024-02-13 08:00:00,432 ppm,76.9 %H,5.56 μg/m³,5.44 μg/m³,23.6 °C,0.904 ppm
2024-02-13 09:00:00,432 ppm,78.3 %H,6.13 μg/m³,6 μg/m³,23.3 °C,0.768 ppm
2024-02-13 10:00:00,429 ppm,78.6 %H,7.22 μg/m³,7 μg/m³,23.2 °C,0.694 ppm
2024-02-13 11:00:00,427 ppm,79.3 %H,7.63 μg/m³,7.38 μg/m³,23.2 °C,0.617 ppm
2024-02-13 12:00:00,430 ppm,79.5 %H,7.44 μg/m³,7.11 μg/m³,23.3 °C,0.620 ppm
2024-02-13 13:00:00,428 ppm,79.6 %H,7.50 μg/m³,7 μg/m³,23.3 °C,0.683 ppm
2024-02-13 14:00:00,432 ppm,79.4 %H,7.56 μg/m³,7.56 μg/m³,23.2 °C,0.679 ppm
2024-02-13 15:00:00,442 ppm,79.5 %H,7.11 μg/m³,7.11 μg/m³,23.1 °C,0.756 ppm
2024-02-13 16:00:00,454 ppm,79.6 %H,7.63 μg/m³,7 μg/m³,23.1 °C,0.715 ppm
2024-02-13 17:00:00,470 ppm,79.6 %H,7.11 μg/m³,6.89 μg/m³,23.1 °C,0.663 ppm
2024-02-13 18:00:00,484 ppm,79.6 %H,6.13 μg/m³,6 μg/m³,23.0 °C,0.666 ppm
2024-02-13 19:00:00,487 ppm,79.7 %H,6.22 μg/m³,6.22 μg/m³,23.0 °C,0.729 ppm
2024-02-13 20:00:00,497 ppm,79.9 %H,6 μg/m³,5.75 μg/m³,23.5 °C,0.735 ppm
2024-02-13 21:00:00,506 ppm,79.5 %H,6.22 μg/m³,6 μg/m³,23.7 °C,0.806 ppm
2024-02-13 22:00:00,508 ppm,79.5 %H,5.44 μg/m³,5.22 μg/m³,23.8 °C,0.813 ppm
2024-02-13 23:00:00,507 ppm,79.4 %H,6 μg/m³,5.88 μg/m³,23.9 °C,0.803 ppm
2024-02-14 00:00:00,500 ppm,79.3 %H,6.11 μg/m³,5.67 μg/m³,24.0 °C,0.792 ppm
2024-02-14 01:00:00,500 ppm,79 %H,6.50 μg/m³,5.88 μg/m³,24.0 °C,0.815 ppm
2024-02-14 02:00:00,493 ppm,79 %H,6.78 μg/m³,6.33 μg/m³,24.1 °C,0.851 ppm
2024-02-14 03:00:00,487 ppm,79 %H,6.38 μg/m³,6.13 μg/m³,24.1 °C,0.845 ppm
2024-02-14 04:00:00,486 ppm,79 %H,6.89 μg/m³,6.44 μg/m³,24.1 °C,0.849 ppm
2024-02-14 05:00:00,478 ppm,79 %H,6 μg/m³,5.67 μg/m³,24.2 °C,0.867 ppm
2024-02-14 06:00:00,477 ppm,79 %H,5.38 μg/m³,5.13 μg/m³,24.2 °C,0.853 ppm
2024-02-14 07:00:00,472 ppm,79 %H,5.33 μg/m³,5.33 μg/m³,24.2 °C,0.816 ppm
2024-02-14 08:00:00,466 ppm,78.4 %H,6.13 μg/m³,6 μg/m³,23.7 °C,0.856 ppm
2024-02-14 09:00:00,464 ppm,79.5 %H,7.22 μg/m³,7 μg/m³,23.4 °C,0.834 ppm
2024-02-14 10:00:00,462 ppm,79.8 %H,8 μg/m³,8 μg/m³,23.3 °C,0.845 ppm
2024-02-14 11:00:00,468 ppm,79.8 %H,9.44 μg/m³,8.89 μg/m³,23.3 °C,0.797 ppm
2024-02-14 12:00:00,479 ppm,79.7 %H,8.33 μg/m³,8.22 μg/m³,23.3 °C,0.873 ppm
2024-02-14 13:00:00,488 ppm,79.8 %H,7.38 μg/m³,7 μg/m³,23.3 °C,0.909 ppm
2024-02-14 14:00:00,499 ppm,79.4 %H,6.89 μg/m³,6.67 μg/m³,23.2 °C,0.859 ppm
2024-02-14 15:00:00,498 ppm,79.8 %H,5.38 μg/m³,5.13 μg/m³,23.2 °C,0.894 ppm
2024-02-14 16:00:00,498 ppm,79.6 %H,5.78 μg/m³,5.56 μg/m³,23.2 °C,0.856 ppm
2024-02-14 17:00:00,504 ppm,79.6 %H,5.50 μg/m³,5.13 μg/m³,23.1 °C,0.819 ppm
2024-02-14 18:00:00,508 ppm,79.6 %H,5.56 μg/m³,5.11 μg/m³,23.1 °C,0.822 ppm
2024-02-14 19:00:00,509 ppm,79.7 %H,5.11 μg/m³,5.11 μg/m³,23.0 °C,0.757 ppm
2024-02-14 20:00:00,509 ppm,79.5 %H,6.13 μg/m³,5.50 μg/m³,23.2 °C,0.710 ppm
2024-02-14 21:00:00,516 ppm,79.5 %H,5.56 μg/m³,5.44 μg/m³,23.5 °C,0.823 ppm
2024-02-14 22:00:00,517 ppm,79.5 %H,4.88 μg/m³,4.50 μg/m³,23.6 °C,0.800 ppm
2024-02-14 23:00:00,518 ppm,79.5 %H,5.78 μg/m³,5.56 μg/m³,23.7 °C,0.827 ppm
2024-02-15 00:00:00,518 ppm,79.5 %H,5.88 μg/m³,5.75 μg/m³,23.8 °C,0.831 ppm
2024-02-15 01:00:00,513 ppm,79.5 %H,6.33 μg/m³,6.11 μg/m³,23.9 °C,0.861 ppm
2024-02-15 02:00:00,514 ppm,79.5 %H,6.22 μg/m³,6.11 μg/m³,23.9 °C,0.849 ppm
2024-02-15 03:00:00,509 ppm,79.5 %H,5.75 μg/m³,5.75 μg/m³,23.9 °C,0.803 ppm
2024-02-15 04:00:00,504 ppm,79.5 %H,5.89 μg/m³,5.89 μg/m³,24 °C,0.858 ppm
2024-02-15 05:00:00,503 ppm,79.5 %H,6.13 μg/m³,5.75 μg/m³,24 °C,0.858 ppm
2024-02-15 06:00:00,495 ppm,79.5 %H,6.22 μg/m³,5.44 μg/m³,24.0 °C,0.829 ppm
2024-02-15 07:00:00,491 ppm,79.5 %H,6.13 μg/m³,6 μg/m³,24.1 °C,0.824 ppm
2024-02-15 08:00:00,486 ppm,78.8 %H,5.67 μg/m³,5.56 μg/m³,23.5 °C,0.934 ppm
2024-02-15 09:00:00,483 ppm,79.9 %H,6.44 μg/m³,6.11 μg/m³,23.3 °C,0.773 ppm
2024-02-15 10:00:00,648 ppm,79.6 %H,10.6 μg/m³,10.4 μg/m³,23.1 °C,0.919 ppm
2024-02-15 11:00:00,901 ppm,80.1 %H,11.7 μg/m³,10.9 μg/m³,23.2 °C,1.11 ppm
2024-02-15 12:00:00,1070 ppm,80.1 %H,11.5 μg/m³,11.4 μg/m³,23.2 °C,1.32 ppm
2024-02-15 13:00:00,1131 ppm,80.5 %H,12 μg/m³,11.3 μg/m³,23.2 °C,1.50 ppm
2024-02-15 14:00:00,1023 ppm,80.5 %H,10.6 μg/m³,9.86 μg/m³,23.2 °C,1.34 ppm
2024-02-15 15:00:00,1016 ppm,79.9 %H,11.1 μg/m³,10.2 μg/m³,23.1 °C,1.20 ppm
2024-02-15 16:00:00,1017 ppm,80.2 %H,10.2 μg/m³,10 μg/m³,23.1 °C,1.14 ppm
2024-02-15 17:00:00,1039 ppm,80.3 %H,11.3 μg/m³,11 μg/m³,23.0 °C,1.19 ppm
2024-02-15 18:00:00,960 ppm,80.7 %H,13.9 μg/m³,13.4 μg/m³,22.9 °C,1.08 ppm
2024-02-15 19:00:00,858 ppm,81 %H,14.9 μg/m³,14.3 μg/m³,22.9 °C,0.935 ppm
2024-02-15 20:00:00,786 ppm,80.6 %H,17.1 μg/m³,16.3 μg/m³,23.1 °C,0.796 ppm
2024-02-15 21:00:00,754 ppm,80.1 %H,17.1 μg/m³,16.5 μg/m³,23.4 °C,0.854 ppm
2024-02-15 22:00:00,733 ppm,80 %H,18.6 μg/m³,17.7 μg/m³,23.6 °C,0.851 ppm
2024-02-15 23:00:00,709 ppm,80 %H,18.6 μg/m³,17.7 μg/m³,23.7 °C,0.876 ppm
2024-02-16 00:00:00,689 ppm,80 %H,19.5 μg/m³,19 μg/m³,23.7 °C,0.866 ppm
2024-02-16 01:00:00,664 ppm,80 %H,18.7 μg/m³,18.2 μg/m³,23.8 °C,0.861 ppm
2024-02-16 02:00:00,645 ppm,80 %H,20.3 μg/m³,20.1 μg/m³,23.8 °C,0.835 ppm
2024-02-16 03:00:00,627 ppm,80 %H,21.6 μg/m³,20.8 μg/m³,23.9 °C,0.829 ppm
2024-02-16 04:00:00,611 ppm,80 %H,21.4 μg/m³,20.5 μg/m³,23.9 °C,0.814 ppm
2024-02-16 05:00:00,597 ppm,80 %H,21.6 μg/m³,20.7 μg/m³,23.9 °C,0.822 ppm
2024-02-16 06:00:00,583 ppm,80 %H,21.9 μg/m³,20.7 μg/m³,24.0 °C,0.808 ppm
2024-02-16 07:00:00,568 ppm,80 %H,22.4 μg/m³,21.6 μg/m³,24 °C,0.801 ppm
2024-02-16 08:00:00,573 ppm,80 %H,20.5 μg/m³,19.7 μg/m³,24 °C,0.835 ppm
2024-02-16 11:00:00,886 ppm,78.4 %H,17 μg/m³,16.4 μg/m³,23.7 °C,0.301 ppm
2024-02-16 12:00:00,855 ppm,78.9 %H,16.3 μg/m³,15.8 μg/m³,23.2 °C,0.365 ppm
2024-02-16 13:00:00,851 ppm,79.2 %H,15.7 μg/m³,15 μg/m³,23.2 °C,0.357 ppm
2024-02-16 14:00:00,836 ppm,79.3 %H,14 μg/m³,13.3 μg/m³,23.2 °C,0.352 ppm
2024-02-16 15:00:00,872 ppm,79.5 %H,17.5 μg/m³,16.8 μg/m³,23.1 °C,0.465 ppm
2024-02-16 16:00:00,961 ppm,79.1 %H,17.7 μg/m³,17.5 μg/m³,23.0 °C,0.515 ppm
2024-02-16 17:00:00,1082 ppm,79.5 %H,19.5 μg/m³,18 μg/m³,23 °C,0.702 ppm
2024-02-16 18:00:00,1144 ppm,79.6 %H,16.5 μg/m³,16 μg/m³,23 °C,0.730 ppm
2024-02-16 19:00:00,1051 ppm,80.6 %H,17.5 μg/m³,16.2 μg/m³,23.0 °C,0.595 ppm
2024-02-16 20:00:00,942 ppm,80.7 %H,17.2 μg/m³,16.8 μg/m³,23.2 °C,0.438 ppm
2024-02-16 21:00:00,889 ppm,80.1 %H,17 μg/m³,16.5 μg/m³,23.5 °C,0.455 ppm
2024-02-16 22:00:00,846 ppm,80 %H,17.8 μg/m³,17 μg/m³,23.6 °C,0.328 ppm
2024-02-16 23:00:00,806 ppm,79.8 %H,17.8 μg/m³,17.5 μg/m³,23.7 °C,0.392 ppm
2024-02-17 00:00:00,766 ppm,79.5 %H,17.7 μg/m³,17.3 μg/m³,23.7 °C,0.342 ppm
2024-02-17 01:00:00,737 ppm,79.5 %H,17.7 μg/m³,17 μg/m³,23.8 °C,0.337 ppm
2024-02-17 02:00:00,709 ppm,79.5 %H,18 μg/m³,17.3 μg/m³,23.8 °C,0.393 ppm
2024-02-17 03:00:00,680 ppm,79.5 %H,17.5 μg/m³,17 μg/m³,23.8 °C,0.368 ppm
2024-02-17 04:00:00,658 ppm,79.5 %H,18.2 μg/m³,17.3 μg/m³,23.9 °C,0.377 ppm
2024-02-17 05:00:00,634 ppm,79.5 %H,18.2 μg/m³,17 μg/m³,23.9 °C,0.418 ppm
2024-02-17 06:00:00,613 ppm,79.5 %H,19.5 μg/m³,18.7 μg/m³,23.9 °C,0.413 ppm
2024-02-17 07:00:00,600 ppm,79.5 %H,18.2 μg/m³,18 μg/m³,23.9 °C,0.365 ppm
2024-02-17 08:00:00,587 ppm,79.8 %H,18.7 μg/m³,18 μg/m³,23.4 °C,0.472 ppm
2024-02-17 09:00:00,560 ppm,80.6 %H,19.8 μg/m³,19 μg/m³,23.2 °C,0.355 ppm
2024-02-17 10:00:00,540 ppm,80.7 %H,19.7 μg/m³,18.5 μg/m³,23.1 °C,0.338 ppm
2024-02-17 11:00:00,528 ppm,80.8 %H,21.2 μg/m³,20 μg/m³,23.1 °C,0.440 ppm
2024-02-17 12:00:00,513 ppm,80.7 %H,19.3 μg/m³,18.8 μg/m³,23.1 °C,0.397 ppm
2024-02-17 13:00:00,509 ppm,80.9 %H,18.8 μg/m³,18.2 μg/m³,23.1 °C,0.390 ppm
2024-02-17 14:00:00,504 ppm,81.1 %H,20.2 μg/m³,19.3 μg/m³,23.1 °C,0.457 ppm
2024-02-17 15:00:00,500 ppm,80.9 %H,19.5 μg/m³,18.7 μg/m³,23.0 °C,0.478 ppm
2024-02-17 16:00:00,496 ppm,81 %H,20.5 μg/m³,19.8 μg/m³,23.0 °C,0.397 ppm
2024-02-17 17:00:00,493 ppm,81.1 %H,18.8 μg/m³,18.7 μg/m³,23.2 °C,0.422 ppm
2024-02-17 18:00:00,490 ppm,81.3 %H,20.2 μg/m³,19.2 μg/m³,23.1 °C,0.378 ppm
2024-02-17 19:00:00,489 ppm,81.3 %H,19.2 μg/m³,18.5 μg/m³,23.1 °C,0.458 ppm
2024-02-17 20:00:00,490 ppm,81.2 %H,19.5 μg/m³,19 μg/m³,23.3 °C,0.485 ppm
2024-02-17 21:00:00,508 ppm,80.7 %H,21.3 μg/m³,20.3 μg/m³,23.5 °C,0.625 ppm
2024-02-17 22:00:00,513 ppm,80.5 %H,20.2 μg/m³,20 μg/m³,23.6 °C,0.647 ppm
2024-02-17 23:00:00,527 ppm,80.5 %H,20.3 μg/m³,19.8 μg/m³,23.7 °C,0.680 ppm
2024-02-18 00:00:00,542 ppm,80.5 %H,19.7 μg/m³,18.8 μg/m³,23.8 °C,0.682 ppm
2024-02-18 01:00:00,543 ppm,80.1 %H,20.3 μg/m³,19.5 μg/m³,23.8 °C,0.637 ppm
2024-02-18 02:00:00,546 ppm,80 %H,19.2 μg/m³,18.5 μg/m³,23.8 °C,0.602 ppm
2024-02-18 03:00:00,547 ppm,80 %H,20.3 μg/m³,20 μg/m³,23.9 °C,0.552 ppm
2024-02-18 04:00:00,544 ppm,80 %H,21.5 μg/m³,20.3 μg/m³,23.9 °C,0.493 ppm
2024-02-18 05:00:00,541 ppm,80 %H,22.2 μg/m³,20.5 μg/m³,23.9 °C,0.555 ppm
2024-02-18 06:00:00,533 ppm,80 %H,21 μg/m³,20.7 μg/m³,23.9 °C,0.540 ppm
2024-02-18 07:00:00,527 ppm,80 %H,20.5 μg/m³,19.7 μg/m³,24.0 °C,0.468 ppm
2024-02-18 08:00:00,525 ppm,80 %H,21.5 μg/m³,21 μg/m³,24 °C,0.482 ppm
2024-02-18 09:00:00,517 ppm,80 %H,21.2 μg/m³,21 μg/m³,24.1 °C,0.412 ppm
2024-02-18 10:00:00,506 ppm,80 %H,23 μg/m³,22.5 μg/m³,24.2 °C,0.468 ppm
2024-02-18 11:00:00,501 ppm,80 %H,25.5 μg/m³,24.8 μg/m³,24.3 °C,0.468 ppm
2024-02-18 12:00:00,489 ppm,80 %H,24.5 μg/m³,23.2 μg/m³,24.4 °C,0.362 ppm
2024-02-18 13:00:00,483 ppm,79.6 %H,26 μg/m³,24.7 μg/m³,24.5 °C,0.450 ppm
2024-02-18 14:00:00,484 ppm,79.5 %H,25.2 μg/m³,23.7 μg/m³,24.6 °C,0.385 ppm
2024-02-18 15:00:00,485 ppm,79.5 %H,24.7 μg/m³,23 μg/m³,24.7 °C,0.433 ppm
2024-02-18 16:00:00,482 ppm,79.5 %H,23.3 μg/m³,21.8 μg/m³,24.8 °C,0.448 ppm
2024-02-18 17:00:00,483 ppm,79.5 %H,23.5 μg/m³,23.2 μg/m³,24.8 °C,0.418 ppm
2024-02-18 18:00:00,486 ppm,79.5 %H,24.2 μg/m³,23.5 μg/m³,24.8 °C,0.398 ppm
2024-02-18 19:00:00,491 ppm,79.5 %H,22.8 μg/m³,22.3 μg/m³,24.7 °C,0.400 ppm
2024-02-18 20:00:00,496 ppm,79.5 %H,24.7 μg/m³,23.8 μg/m³,24.7 °C,0.348 ppm
2024-02-18 21:00:00,496 ppm,79.5 %H,24.2 μg/m³,23.7 μg/m³,24.7 °C,0.322 ppm
2024-02-18 22:00:00,496 ppm,79.5 %H,22.5 μg/m³,22.3 μg/m³,24.7 °C,0.392 ppm
2024-02-18 23:00:00,494 ppm,79.8 %H,20.7 μg/m³,20.2 μg/m³,24.7 °C,0.368 ppm
2024-02-19 00:00:00,490 ppm,80 %H,20.3 μg/m³,20.2 μg/m³,24.7 °C,0.377 ppm
2024-02-19 01:00:00,487 ppm,80 %H,18.5 μg/m³,18.3 μg/m³,24.6 °C,0.400 ppm
2024-02-19 02:00:00,485 ppm,80 %H,19.8 μg/m³,19.2 μg/m³,24.6 °C,0.403 ppm
2024-02-19 03:00:00,480 ppm,80 %H,19.8 μg/m³,19.3 μg/m³,24.6 °C,0.403 ppm
2024-02-19 04:00:00,481 ppm,80 %H,17.7 μg/m³,17 μg/m³,24.6 °C,0.402 ppm
2024-02-19 05:00:00,475 ppm,80 %H,18.5 μg/m³,18 μg/m³,24.6 °C,0.393 ppm
2024-02-19 06:00:00,477 ppm,80 %H,20.2 μg/m³,19.3 μg/m³,24.6 °C,0.380 ppm
2024-02-19 07:00:00,475 ppm,80 %H,18.5 μg/m³,18.3 μg/m³,24.6 °C,0.402 ppm
2024-02-19 08:00:00,499 ppm,78.3 %H,16.2 μg/m³,16 μg/m³,23.7 °C,0.525 ppm
2024-02-19 09:00:00,565 ppm,79.2 %H,16.7 μg/m³,16 μg/m³,23.4 °C,0.500 ppm
2024-02-19 10:00:00,624 ppm,79.1 %H,16.7 μg/m³,14.7 μg/m³,23.2 °C,0.448 ppm
2024-02-19 11:00:00,821 ppm,78 %H,10.5 μg/m³,10.2 μg/m³,23.1 °C,0.490 ppm
2024-02-19 12:00:00,988 ppm,78.4 %H,8.83 μg/m³,8.50 μg/m³,23.3 °C,0.512 ppm
2024-02-19 13:00:00,985 ppm,77.9 %H,8.33 μg/m³,7.67 μg/m³,23.6 °C,0.428 ppm
2024-02-19 14:00:00,969 ppm,76.8 %H,8.17 μg/m³,8 μg/m³,23.7 °C,0.450 ppm
2024-02-19 15:00:00,1095 ppm,75.6 %H,11.3 μg/m³,10.8 μg/m³,23.8 °C,0.613 ppm
2024-02-19 16:00:00,1552 ppm,72.8 %H,7.33 μg/m³,7.33 μg/m³,23.9 °C,1.09 ppm
2024-02-19 17:00:00,1937 ppm,73.8 %H,6.33 μg/m³,6.33 μg/m³,23.7 °C,1.36 ppm
2024-02-19 18:00:00,1877 ppm,76.5 %H,8.17 μg/m³,7.67 μg/m³,23.3 °C,1.11 ppm
2024-02-19 19:00:00,1552 ppm,78.3 %H,9 μg/m³,8.83 μg/m³,23.3 °C,0.588 ppm
2024-02-19 20:00:00,1317 ppm,78.7 %H,12 μg/m³,11 μg/m³,23.6 °C,0.393 ppm
2024-02-19 21:00:00,1179 ppm,78.5 %H,13 μg/m³,12.7 μg/m³,23.9 °C,0.332 ppm
2024-02-19 22:00:00,1075 ppm,78.5 %H,14 μg/m³,13 μg/m³,24 °C,0.362 ppm
2024-02-19 23:00:00,991 ppm,78.5 %H,13.8 μg/m³,13.3 μg/m³,24.1 °C,0.333 ppm
2024-02-20 00:00:00,929 ppm,78.5 %H,13.5 μg/m³,12.8 μg/m³,24.1 °C,0.362 ppm
2024-02-20 01:00:00,873 ppm,79 %H,15 μg/m³,14.3 μg/m³,24.2 °C,0.370 ppm
2024-02-20 02:00:00,821 ppm,79 %H,14.3 μg/m³,14.2 μg/m³,24.2 °C,0.415 ppm
2024-02-20 03:00:00,780 ppm,79 %H,15.2 μg/m³,14.5 μg/m³,24.2 °C,0.315 ppm
2024-02-20 04:00:00,740 ppm,79 %H,16.7 μg/m³,15.3 μg/m³,24.2 °C,0.377 ppm
2024-02-20 05:00:00,712 ppm,79 %H,14.3 μg/m³,14.2 μg/m³,24.3 °C,0.362 ppm
2024-02-20 06:00:00,685 ppm,79.4 %H,14.2 μg/m³,14 μg/m³,24.3 °C,0.328 ppm
2024-02-20 07:00:00,658 ppm,79.5 %H,13.5 μg/m³,13 μg/m³,24.3 °C,0.345 ppm
2024-02-20 08:00:00,638 ppm,79.1 %H,14.8 μg/m³,14 μg/m³,23.6 °C,0.355 ppm
2024-02-20 09:00:00,608 ppm,80.1 %H,16 μg/m³,15 μg/m³,23.3 °C,0.487 ppm
2024-02-20 10:00:00,609 ppm,80.1 %H,14.2 μg/m³,13 μg/m³,23.2 °C,0.413 ppm
2024-02-20 11:00:00,666 ppm,80 %H,13.8 μg/m³,13.5 μg/m³,23.1 °C,0.455 ppm
2024-02-20 12:00:00,703 ppm,80.3 %H,14 μg/m³,13.8 μg/m³,23.2 °C,0.525 ppm
2024-02-20 13:00:00,734 ppm,79.8 %H,11.2 μg/m³,11.2 μg/m³,23.2 °C,0.505 ppm
2024-02-20 14:00:00,759 ppm,79.2 %H,11.2 μg/m³,10.8 μg/m³,23.2 °C,0.565 ppm
2024-02-20 15:00:00,785 ppm,79.5 %H,10.8 μg/m³,10.7 μg/m³,23.3 °C,0.542 ppm
2024-02-20 16:00:00,818 ppm,79.7 %H,11.8 μg/m³,11.5 μg/m³,23.3 °C,0.537 ppm
2024-02-20 17:00:00,841 ppm,79.6 %H,12.8 μg/m³,12 μg/m³,23.3 °C,0.622 ppm
2024-02-20 18:00:00,845 ppm,79.8 %H,12.7 μg/m³,12.7 μg/m³,23.3 °C,0.643 ppm
2024-02-20 19:00:00,797 ppm,80.3 %H,13.3 μg/m³,13.3 μg/m³,23.2 °C,0.525 ppm
2024-02-20 20:00:00,757 ppm,80 %H,13.2 μg/m³,12.5 μg/m³,23.4 °C,0.447 ppm
2024-02-20 21:00:00,728 ppm,80 %H,13.8 μg/m³,13.5 μg/m³,23.7 °C,0.428 ppm
2024-02-20 22:00:00,720 ppm,80 %H,15.3 μg/m³,14 μg/m³,23.8 °C,0.408 ppm
2024-02-20 23:00:00,702 ppm,80 %H,14.2 μg/m³,13.5 μg/m³,23.9 °C,0.475 ppm
2024-02-21 00:00:00,689 ppm,80 %H,14.3 μg/m³,13.7 μg/m³,24 °C,0.410 ppm
2024-02-21 01:00:00,678 ppm,80 %H,15.5 μg/m³,14.5 μg/m³,24.0 °C,0.462 ppm
2024-02-21 02:00:00,663 ppm,80 %H,12.5 μg/m³,12.5 μg/m³,24.1 °C,0.388 ppm
2024-02-21 03:00:00,650 ppm,80 %H,13.5 μg/m³,12.8 μg/m³,24.1 °C,0.440 ppm
2024-02-21 04:00:00,642 ppm,80 %H,14 μg/m³,13.2 μg/m³,24.1 °C,0.383 ppm
2024-02-21 05:00:00,629 ppm,80 %H,12.3 μg/m³,11.5 μg/m³,24.2 °C,0.428 ppm
2024-02-21 06:00:00,618 ppm,80 %H,12.7 μg/m³,12.3 μg/m³,24.2 °C,0.378 ppm
2024-02-21 07:00:00,610 ppm,80 %H,13.7 μg/m³,13.7 μg/m³,24.2 °C,0.445 ppm
2024-02-21 08:00:00,639 ppm,80 %H,14 μg/m³,13.5 μg/m³,24.3 °C,0.487 ppm
2024-02-21 09:00:00,680 ppm,79.6 %H,15.7 μg/m³,14.2 μg/m³,24.4 °C,0.573 ppm
2024-02-21 10:00:00,864 ppm,77 %H,12.7 μg/m³,12.2 μg/m³,23.5 °C,0.758 ppm
2024-02-21 11:00:00,1003 ppm,77.3 %H,12.8 μg/m³,12.3 μg/m³,23.2 °C,0.747 ppm
2024-02-21 12:00:00,1048 ppm,78.4 %H,14 μg/m³,13.2 μg/m³,23.3 °C,0.750 ppm
2024-02-21 13:00:00,950 ppm,78.8 %H,13.8 μg/m³,13.5 μg/m³,23.3 °C,0.532 ppm
2024-02-21 14:00:00,854 ppm,78.4 %H,15.2 μg/m³,14.3 μg/m³,23.2 °C,0.432 ppm
2024-02-21 15:00:00,834 ppm,78.1 %H,12.5 μg/m³,12.2 μg/m³,23.2 °C,0.378 ppm
2024-02-21 16:00:00,1021 ppm,77.7 %H,11.3 μg/m³,10.7 μg/m³,23.1 °C,0.575 ppm
2024-02-21 17:00:00,1147 ppm,78.8 %H,9.83 μg/m³,9.67 μg/m³,23.0 °C,0.787 ppm
2024-02-21 18:00:00,1207 ppm,79.5 %H,9.33 μg/m³,8.50 μg/m³,23.2 °C,0.952 ppm
2024-02-21 19:00:00,1223 ppm,80.3 %H,8.50 μg/m³,8.33 μg/m³,23.2 °C,0.965 ppm
2024-02-21 20:00:00,1100 ppm,80.2 %H,12.2 μg/m³,10.5 μg/m³,23.5 °C,0.752 ppm
2024-02-21 21:00:00,1019 ppm,79.7 %H,12.7 μg/m³,11.2 μg/m³,23.8 °C,0.625 ppm
2024-02-21 22:00:00,955 ppm,79.5 %H,13.8 μg/m³,12.8 μg/m³,23.9 °C,0.582 ppm
2024-02-21 23:00:00,901 ppm,79.5 %H,12 μg/m³,10.8 μg/m³,23.9 °C,0.492 ppm
2024-02-22 00:00:00,858 ppm,79.5 %H,12.5 μg/m³,11.3 μg/m³,24 °C,0.477 ppm
2024-02-22 01:00:00,810 ppm,79.5 %H,12 μg/m³,11.5 μg/m³,24 °C,0.385 ppm
2024-02-22 02:00:00,772 ppm,79.5 %H,10.8 μg/m³,10.5 μg/m³,24.1 °C,0.470 ppm
2024-02-22 03:00:00,744 ppm,79.5 %H,12 μg/m³,11.7 μg/m³,24.1 °C,0.407 ppm
2024-02-22 04:00:00,717 ppm,79.5 %H,12.7 μg/m³,11.7 μg/m³,24.1 °C,0.470 ppm
2024-02-22 05:00:00,695 ppm,79.5 %H,12.2 μg/m³,11.3 μg/m³,24.1 °C,0.338 ppm
2024-02-22 06:00:00,672 ppm,79.5 %H,11.5 μg/m³,11 μg/m³,24.2 °C,0.383 ppm
2024-02-22 07:00:00,656 ppm,79.5 %H,11 μg/m³,10.8 μg/m³,24.2 °C,0.392 ppm
2024-02-22 08:00:00,660 ppm,79.2 %H,11.2 μg/m³,10.7 μg/m³,23.5 °C,0.422 ppm
2024-02-22 09:00:00,729 ppm,79.9 %H,14.2 μg/m³,12.8 μg/m³,23.3 °C,0.532 ppm
2024-02-22 10:00:00,906 ppm,79.7 %H,14.2 μg/m³,13.5 μg/m³,23.2 °C,0.708 ppm
2024-02-22 11:00:00,1030 ppm,79.3 %H,13.3 μg/m³,12.8 μg/m³,23.1 °C,0.632 ppm
2024-02-22 12:00:00,1212 ppm,78.4 %H,13.2 μg/m³,12.8 μg/m³,23.1 °C,0.590 ppm
2024-02-22 13:00:00,1316 ppm,78.5 %H,12.8 μg/m³,12.7 μg/m³,23.2 °C,0.557 ppm
2024-02-22 14:00:00,1148 ppm,78.6 %H,16.2 μg/m³,15.2 μg/m³,23.3 °C,0.485 ppm
2024-02-22 15:00:00,1103 ppm,78.3 %H,16.2 μg/m³,14.8 μg/m³,23.3 °C,0.442 ppm
2024-02-22 16:00:00,1113 ppm,78.5 %H,13.8 μg/m³,13.8 μg/m³,23.3 °C,0.510 ppm
2024-02-22 17:00:00,1168 ppm,78.9 %H,12.8 μg/m³,12.5 μg/m³,23.2 °C,0.730 ppm
2024-02-22 18:00:00,1221 ppm,79.3 %H,11.7 μg/m³,11.7 μg/m³,23.1 °C,0.770 ppm
2024-02-22 19:00:00,1126 ppm,79.9 %H,13.5 μg/m³,13 μg/m³,23.1 °C,0.552 ppm
2024-02-22 20:00:00,994 ppm,80.2 %H,13.3 μg/m³,13.3 μg/m³,23.4 °C,0.407 ppm
2024-02-22 21:00:00,937 ppm,79.8 %H,13.2 μg/m³,12.5 μg/m³,23.7 °C,0.442 ppm
2024-02-22 22:00:00,900 ppm,79.5 %H,12.2 μg/m³,11.8 μg/m³,23.8 °C,0.457 ppm
2024-02-22 23:00:00,868 ppm,79.5 %H,13.8 μg/m³,13 μg/m³,23.8 °C,0.518 ppm
2024-02-23 00:00:00,844 ppm,79.5 %H,13 μg/m³,12.2 μg/m³,23.9 °C,0.527 ppm
2024-02-23 01:00:00,818 ppm,79.5 %H,13.2 μg/m³,12.7 μg/m³,23.9 °C,0.613 ppm
2024-02-23 02:00:00,797 ppm,79.5 %H,11.7 μg/m³,11.3 μg/m³,24.0 °C,0.598 ppm
2024-02-23 03:00:00,776 ppm,79.5 %H,10.3 μg/m³,9.83 μg/m³,24 °C,0.588 ppm
2024-02-23 04:00:00,751 ppm,79.5 %H,10.5 μg/m³,10.5 μg/m³,24 °C,0.502 ppm
2024-02-23 05:00:00,730 ppm,79.5 %H,11.7 μg/m³,10.2 μg/m³,24.1 °C,0.463 ppm
2024-02-23 06:00:00,712 ppm,79.5 %H,11.7 μg/m³,11.3 μg/m³,24.1 °C,0.385 ppm
2024-02-23 07:00:00,700 ppm,79.1 %H,11.3 μg/m³,11.2 μg/m³,23.9 °C,0.438 ppm
2024-02-23 08:00:00,747 ppm,79.4 %H,11.5 μg/m³,11.3 μg/m³,23.2 °C,0.413 ppm
2024-02-23 09:00:00,771 ppm,80.1 %H,10.8 μg/m³,10.7 μg/m³,23.3 °C,0.278 ppm
2024-02-23 10:00:00,780 ppm,80.3 %H,13.3 μg/m³,12 μg/m³,23.3 °C,0.408 ppm
2024-02-23 11:00:00,796 ppm,80.4 %H,12.5 μg/m³,11.8 μg/m³,23.3 °C,0.353 ppm
2024-02-23 12:00:00,782 ppm,79.1 %H,13.5 μg/m³,12.3 μg/m³,23.5 °C,0.348 ppm
2024-02-23 13:00:00,728 ppm,79 %H,13.3 μg/m³,13 μg/m³,23.8 °C,0.312 ppm
2024-02-23 14:00:00,683 ppm,78.5 %H,13 μg/m³,12.3 μg/m³,24.1 °C,0.390 ppm
2024-02-23 15:00:00,669 ppm,78.5 %H,14.8 μg/m³,14.5 μg/m³,24.2 °C,0.373 ppm
2024-02-23 16:00:00,664 ppm,78.4 %H,12.8 μg/m³,11.8 μg/m³,24.3 °C,0.395 ppm
2024-02-23 17:00:00,662 ppm,78 %H,12.5 μg/m³,11.7 μg/m³,24.3 °C,0.407 ppm
2024-02-23 18:00:00,660 ppm,78 %H,12.2 μg/m³,11.3 μg/m³,24.2 °C,0.402 ppm
2024-02-23 19:00:00,641 ppm,78 %H,13.8 μg/m³,13.7 μg/m³,24.2 °C,0.345 ppm
2024-02-23 20:00:00,628 ppm,78 %H,13.2 μg/m³,12.8 μg/m³,24.2 °C,0.293 ppm
2024-02-23 21:00:00,629 ppm,78 %H,13.7 μg/m³,12.7 μg/m³,24.2 °C,0.308 ppm
2024-02-23 22:00:00,634 ppm,78 %H,13.3 μg/m³,12.7 μg/m³,24.1 °C,0.443 ppm
2024-02-23 23:00:00,633 ppm,78.4 %H,12 μg/m³,11.8 μg/m³,24.2 °C,0.402 ppm
2024-02-24 00:00:00,639 ppm,78.5 %H,12.7 μg/m³,12 μg/m³,24.2 °C,0.487 ppm
2024-02-24 01:00:00,639 ppm,78.5 %H,10.8 μg/m³,10.7 μg/m³,24.2 °C,0.542 ppm
2024-02-24 02:00:00,641 ppm,78.5 %H,11.3 μg/m³,11 μg/m³,24.2 °C,0.565 ppm
2024-02-24 03:00:00,636 ppm,78.5 %H,10.3 μg/m³,10.3 μg/m³,24.2 °C,0.590 ppm
2024-02-24 04:00:00,627 ppm,78.5 %H,10.3 μg/m³,10 μg/m³,24.2 °C,0.532 ppm
2024-02-24 05:00:00,603 ppm,78.5 %H,12 μg/m³,11.7 μg/m³,24.2 °C,0.512 ppm
2024-02-24 06:00:00,571 ppm,78.8 %H,10.5 μg/m³,10.2 μg/m³,24.2 °C,0.452 ppm
2024-02-24 07:00:00,563 ppm,79 %H,11.5 μg/m³,11.3 μg/m³,24.2 °C,0.423 ppm
2024-02-24 08:00:00,555 ppm,78.7 %H,11 μg/m³,11 μg/m³,23.6 °C,0.492 ppm
2024-02-24 09:00:00,529 ppm,79.9 %H,11 μg/m³,10.8 μg/m³,23.3 °C,0.345 ppm
2024-02-24 10:00:00,514 ppm,80 %H,13.7 μg/m³,11.5 μg/m³,23.1 °C,0.315 ppm
2024-02-24 11:00:00,495 ppm,80.2 %H,11.5 μg/m³,10.8 μg/m³,23.1 °C,0.465 ppm
2024-02-24 12:00:00,489 ppm,80 %H,12.2 μg/m³,12 μg/m³,23.3 °C,0.448 ppm
2024-02-24 13:00:00,491 ppm,79.8 %H,13 μg/m³,12.8 μg/m³,23.2 °C,0.425 ppm
2024-02-24 14:00:00,490 ppm,80.1 %H,11.3 μg/m³,11.2 μg/m³,23.2 °C,0.382 ppm
2024-02-24 15:00:00,490 ppm,79.8 %H,13.2 μg/m³,12 μg/m³,23.1 °C,0.387 ppm
2024-02-24 16:00:00,490 ppm,79.5 %H,11.8 μg/m³,11.5 μg/m³,23.1 °C,0.403 ppm
2024-02-24 17:00:00,495 ppm,79.8 %H,12.2 μg/m³,11.3 μg/m³,23.1 °C,0.415 ppm
2024-02-24 18:00:00,487 ppm,79.8 %H,12.3 μg/m³,12.3 μg/m³,23.1 °C,0.383 ppm
2024-02-24 19:00:00,478 ppm,80.3 %H,12.3 μg/m³,11.8 μg/m³,23.0 °C,0.402 ppm
2024-02-24 20:00:00,470 ppm,80.2 %H,12.5 μg/m³,12.3 μg/m³,23.3 °C,0.382 ppm
2024-02-24 21:00:00,480 ppm,79.8 %H,11.3 μg/m³,11.3 μg/m³,23.6 °C,0.342 ppm
2024-02-24 22:00:00,480 ppm,79.5 %H,12.7 μg/m³,12.3 μg/m³,23.7 °C,0.478 ppm
2024-02-24 23:00:00,477 ppm,79.5 %H,12.8 μg/m³,12 μg/m³,23.8 °C,0.430 ppm
2024-02-25 00:00:00,476 ppm,79.5 %H,12.5 μg/m³,11.8 μg/m³,23.8 °C,0.468 ppm
2024-02-25 01:00:00,473 ppm,79.5 %H,11.8 μg/m³,11.2 μg/m³,23.9 °C,0.473 ppm
2024-02-25 02:00:00,465 ppm,79.5 %H,11.7 μg/m³,11.7 μg/m³,23.9 °C,0.412 ppm
2024-02-25 03:00:00,462 ppm,79.5 %H,11.2 μg/m³,11 μg/m³,23.9 °C,0.442 ppm
2024-02-25 04:00:00,456 ppm,79.5 %H,10.8 μg/m³,10.8 μg/m³,23.9 °C,0.430 ppm
2024-02-25 05:00:00,455 ppm,79.5 %H,11.3 μg/m³,11.2 μg/m³,24.0 °C,0.433 ppm
2024-02-25 06:00:00,449 ppm,79.5 %H,12.2 μg/m³,12.2 μg/m³,24.0 °C,0.397 ppm
2024-02-25 07:00:00,450 ppm,79.5 %H,11.7 μg/m³,11 μg/m³,24 °C,0.387 ppm
2024-02-25 08:00:00,450 ppm,79.5 %H,10.8 μg/m³,10.7 μg/m³,24.1 °C,0.405 ppm
2024-02-25 09:00:00,445 ppm,79.5 %H,13.2 μg/m³,12.8 μg/m³,24.1 °C,0.483 ppm
2024-02-25 10:00:00,500 ppm,79.4 %H,12.8 μg/m³,12.7 μg/m³,24.3 °C,0.430 ppm
2024-02-25 11:00:00,580 ppm,79.1 %H,13.3 μg/m³,12.5 μg/m³,24.5 °C,0.447 ppm
2024-02-25 12:00:00,611 ppm,79 %H,12.5 μg/m³,11.7 μg/m³,24.7 °C,0.530 ppm
2024-02-25 13:00:00,596 ppm,79 %H,14 μg/m³,13.5 μg/m³,24.7 °C,0.502 ppm
2024-02-25 14:00:00,573 ppm,79 %H,14.5 μg/m³,14 μg/m³,24.8 °C,0.533 ppm
2024-02-25 15:00:00,570 ppm,78.5 %H,14 μg/m³,13.7 μg/m³,24.9 °C,0.515 ppm
2024-02-25 16:00:00,569 ppm,78.5 %H,14 μg/m³,13.8 μg/m³,25 °C,0.498 ppm
2024-02-25 17:00:00,569 ppm,78.5 %H,15.3 μg/m³,14.7 μg/m³,25.1 °C,0.477 ppm
2024-02-25 18:00:00,567 ppm,78.5 %H,18.5 μg/m³,18.2 μg/m³,25.1 °C,0.482 ppm
2024-02-25 19:00:00,563 ppm,78.5 %H,20.7 μg/m³,20 μg/m³,25.1 °C,0.468 ppm
2024-02-25 20:00:00,560 ppm,78.5 %H,21.7 μg/m³,21.2 μg/m³,25 °C,0.402 ppm
2024-02-25 21:00:00,550 ppm,78.9 %H,23.5 μg/m³,23.2 μg/m³,25.0 °C,0.362 ppm
2024-02-25 22:00:00,545 ppm,79 %H,23.2 μg/m³,22.3 μg/m³,24.9 °C,0.388 ppm
2024-02-25 23:00:00,539 ppm,79 %H,21.5 μg/m³,21.5 μg/m³,24.9 °C,0.388 ppm
2024-02-26 00:00:00,536 ppm,79 %H,22.2 μg/m³,21.5 μg/m³,24.9 °C,0.385 ppm
2024-02-26 01:00:00,524 ppm,79.2 %H,24.3 μg/m³,22.5 μg/m³,24.9 °C,0.423 ppm
2024-02-26 02:00:00,518 ppm,79.5 %H,22.5 μg/m³,22.5 μg/m³,24.9 °C,0.332 ppm
2024-02-26 03:00:00,511 ppm,79.5 %H,21.5 μg/m³,21.3 μg/m³,24.9 °C,0.383 ppm
2024-02-26 04:00:00,505 ppm,79.5 %H,21.5 μg/m³,21.3 μg/m³,24.9 °C,0.437 ppm
2024-02-26 05:00:00,498 ppm,79.5 %H,22 μg/m³,21 μg/m³,24.9 °C,0.358 ppm
2024-02-26 06:00:00,489 ppm,79.5 %H,22.3 μg/m³,22 μg/m³,24.9 °C,0.362 ppm
2024-02-26 07:00:00,484 ppm,79.5 %H,25.3 μg/m³,24.3 μg/m³,24.9 °C,0.403 ppm
2024-02-26 08:00:00,521 ppm,76.6 %H,20.5 μg/m³,20 μg/m³,23.9 °C,0.547 ppm
2024-02-26 09:00:00,538 ppm,76.2 %H,22.3 μg/m³,22 μg/m³,23.3 °C,0.360 ppm
2024-02-26 10:00:00,626 ppm,77.3 %H,25.7 μg/m³,25.2 μg/m³,23.4 °C,0.375 ppm
2024-02-26 11:00:00,746 ppm,76.9 %H,27.7 μg/m³,26.8 μg/m³,23.4 °C,0.442 ppm
2024-02-26 12:00:00,931 ppm,76 %H,26 μg/m³,25.2 μg/m³,23.3 °C,0.502 ppm
2024-02-26 13:00:00,1008 ppm,75.5 %H,26.7 μg/m³,25.8 μg/m³,23.2 °C,0.405 ppm
2024-02-26 14:00:00,915 ppm,75.8 %H,23.8 μg/m³,23.5 μg/m³,23.2 °C,0.372 ppm
2024-02-26 15:00:00,934 ppm,75.8 %H,21.2 μg/m³,20.7 μg/m³,23.2 °C,0.373 ppm
2024-02-26 16:00:00,951 ppm,76.3 %H,17.8 μg/m³,17.5 μg/m³,23.2 °C,0.407 ppm
2024-02-26 17:00:00,925 ppm,76.8 %H,17.3 μg/m³,17.2 μg/m³,23.3 °C,0.380 ppm
2024-02-26 18:00:00,870 ppm,77.3 %H,17.3 μg/m³,17.2 μg/m³,23.3 °C,0.387 ppm
2024-02-26 19:00:00,780 ppm,78.1 %H,18 μg/m³,16.7 μg/m³,23.3 °C,0.342 ppm
2024-02-26 20:00:00,712 ppm,77.7 %H,20.3 μg/m³,19.3 μg/m³,23.6 °C,0.322 ppm
2024-02-26 21:00:00,675 ppm,77.5 %H,21.2 μg/m³,20.2 μg/m³,23.9 °C,0.373 ppm
2024-02-26 22:00:00,644 ppm,77.5 %H,21.2 μg/m³,21.2 μg/m³,24.1 °C,0.403 ppm
2024-02-26 23:00:00,628 ppm,77.5 %H,21.3 μg/m³,20.5 μg/m³,24.2 °C,0.380 ppm
2024-02-27 00:00:00,607 ppm,77.5 %H,21.5 μg/m³,20 μg/m³,24.3 °C,0.428 ppm
2024-02-27 01:00:00,588 ppm,77.5 %H,23.2 μg/m³,22 μg/m³,24.4 °C,0.448 ppm
2024-02-27 02:00:00,572 ppm,77.8 %H,21.3 μg/m³,20.8 μg/m³,24.4 °C,0.508 ppm
2024-02-27 03:00:00,560 ppm,78 %H,22.2 μg/m³,21 μg/m³,24.4 °C,0.488 ppm
2024-02-27 04:00:00,549 ppm,78 %H,21.3 μg/m³,20.7 μg/m³,24.5 °C,0.465 ppm
2024-02-27 05:00:00,538 ppm,78 %H,22.7 μg/m³,21.7 μg/m³,24.5 °C,0.485 ppm
2024-02-27 06:00:00,526 ppm,78 %H,21.2 μg/m³,19.8 μg/m³,24.5 °C,0.445 ppm
2024-02-27 07:00:00,524 ppm,78 %H,22.7 μg/m³,21.5 μg/m³,24.6 °C,0.440 ppm
2024-02-27 08:00:00,576 ppm,76 %H,18.3 μg/m³,17.5 μg/m³,23.7 °C,0.625 ppm
2024-02-27 09:00:00,624 ppm,77.3 %H,21.2 μg/m³,20.5 μg/m³,23.3 °C,0.450 ppm
2024-02-27 10:00:00,670 ppm,77.9 %H,19.7 μg/m³,19.5 μg/m³,23.3 °C,0.457 ppm
2024-02-27 11:00:00,823 ppm,78.2 %H,16.5 μg/m³,15.3 μg/m³,23.2 °C,0.432 ppm
2024-02-27 12:00:00,969 ppm,77.8 %H,14.8 μg/m³,14.8 μg/m³,23.3 °C,0.447 ppm
2024-02-27 13:00:00,1033 ppm,77.5 %H,14.7 μg/m³,13.8 μg/m³,23.2 °C,0.475 ppm
2024-02-27 14:00:00,986 ppm,77.3 %H,13.8 μg/m³,13.2 μg/m³,23.2 °C,0.420 ppm
2024-02-27 15:00:00,939 ppm,77.3 %H,12.3 μg/m³,12 μg/m³,23.1 °C,0.432 ppm
2024-02-27 16:00:00,876 ppm,78.1 %H,14.8 μg/m³,13.5 μg/m³,23.2 °C,0.448 ppm
2024-02-27 17:00:00,796 ppm,78.5 %H,14.7 μg/m³,14.5 μg/m³,23.2 °C,0.420 ppm
2024-02-27 18:00:00,739 ppm,78.8 %H,15.2 μg/m³,14.3 μg/m³,23.1 °C,0.462 ppm
2024-02-27 19:00:00,688 ppm,78.9 %H,15 μg/m³,13.8 μg/m³,23.2 °C,0.412 ppm
2024-02-27 20:00:00,657 ppm,78.6 %H,16 μg/m³,15.7 μg/m³,23.4 °C,0.408 ppm
2024-02-27 21:00:00,647 ppm,78.1 %H,16.7 μg/m³,16 μg/m³,23.7 °C,0.403 ppm
2024-02-27 22:00:00,646 ppm,78 %H,15.7 μg/m³,15.3 μg/m³,23.9 °C,0.498 ppm
2024-02-27 23:00:00,647 ppm,78 %H,16.8 μg/m³,16.5 μg/m³,24.0 °C,0.482 ppm
2024-02-28 00:00:00,636 ppm,77.6 %H,17.8 μg/m³,17 μg/m³,24.1 °C,0.478 ppm
2024-02-28 01:00:00,625 ppm,77.5 %H,18.7 μg/m³,17.8 μg/m³,24.1 °C,0.508 ppm
2024-02-28 02:00:00,605 ppm,77.7 %H,16.8 μg/m³,16.7 μg/m³,24.2 °C,0.445 ppm
2024-02-28 03:00:00,591 ppm,77.9 %H,17.3 μg/m³,16.2 μg/m³,24.2 °C,0.432 ppm
2024-02-28 04:00:00,575 ppm,78 %H,18.5 μg/m³,17.2 μg/m³,24.2 °C,0.427 ppm
2024-02-28 05:00:00,560 ppm,78 %H,18.5 μg/m³,17.3 μg/m³,24.3 °C,0.415 ppm
2024-02-28 06:00:00,549 ppm,78 %H,17.8 μg/m³,16.5 μg/m³,24.3 °C,0.427 ppm
2024-02-28 07:00:00,535 ppm,78 %H,18.7 μg/m³,17 μg/m³,24.3 °C,0.330 ppm
2024-02-28 08:00:00,575 ppm,77.3 %H,15.8 μg/m³,15 μg/m³,23.6 °C,0.593 ppm
2024-02-28 09:00:00,625 ppm,78.1 %H,14.3 μg/m³,13.8 μg/m³,23.3 °C,0.498 ppm
2024-02-28 10:00:00,658 ppm,78.6 %H,12.7 μg/m³,12.7 μg/m³,23.2 °C,0.373 ppm
2024-02-28 11:00:00,784 ppm,78.1 %H,15.2 μg/m³,14.8 μg/m³,23.3 °C,0.513 ppm
2024-02-28 12:00:00,1026 ppm,77.4 %H,13.7 μg/m³,12.7 μg/m³,23.2 °C,0.705 ppm
2024-02-28 13:00:00,1187 ppm,77 %H,11.2 μg/m³,10.5 μg/m³,23.2 °C,0.668 ppm
2024-02-28 14:00:00,1224 ppm,77.2 %H,10.7 μg/m³,10.5 μg/m³,23.3 °C,0.567 ppm
2024-02-28 15:00:00,1255 ppm,76.8 %H,10.3 μg/m³,10.2 μg/m³,23.7 °C,0.495 ppm
2024-02-28 16:00:00,1190 ppm,76.9 %H,9.33 μg/m³,9 μg/m³,23.4 °C,0.525 ppm
2024-02-28 17:00:00,1076 ppm,77.4 %H,9.50 μg/m³,9.17 μg/m³,23.3 °C,0.400 ppm
2024-02-28 18:00:00,978 ppm,77.7 %H,9.67 μg/m³,9.17 μg/m³,23.3 °C,0.372 ppm
2024-02-28 19:00:00,866 ppm,78.4 %H,10.2 μg/m³,10 μg/m³,23.2 °C,0.357 ppm
2024-02-28 20:00:00,796 ppm,78.3 %H,10 μg/m³,9.83 μg/m³,23.5 °C,0.397 ppm
2024-02-28 21:00:00,757 ppm,78 %H,10.5 μg/m³,10.3 μg/m³,23.8 °C,0.430 ppm
2024-02-28 22:00:00,726 ppm,77.8 %H,10.5 μg/m³,10.5 μg/m³,23.9 °C,0.418 ppm
2024-02-28 23:00:00,697 ppm,77.5 %H,11.3 μg/m³,10.8 μg/m³,24.0 °C,0.422 ppm
2024-02-29 00:00:00,674 ppm,77.5 %H,11.2 μg/m³,11.2 μg/m³,24.1 °C,0.452 ppm
2024-02-29 01:00:00,657 ppm,77.5 %H,12.5 μg/m³,11.8 μg/m³,24.2 °C,0.415 ppm
2024-02-29 02:00:00,635 ppm,77.5 %H,12.7 μg/m³,11.8 μg/m³,24.2 °C,0.475 ppm
2024-02-29 03:00:00,615 ppm,77.5 %H,12.5 μg/m³,12.3 μg/m³,24.2 °C,0.490 ppm
2024-02-29 04:00:00,596 ppm,77.6 %H,12.7 μg/m³,11.8 μg/m³,24.3 °C,0.457 ppm
2024-02-29 05:00:00,582 ppm,77.9 %H,11.5 μg/m³,11.2 μg/m³,24.3 °C,0.442 ppm
2024-02-29 06:00:00,568 ppm,78 %H,13.8 μg/m³,13.2 μg/m³,24.3 °C,0.480 ppm
2024-02-29 07:00:00,558 ppm,78 %H,12.7 μg/m³,12.2 μg/m³,24.3 °C,0.523 ppm
2024-02-29 08:00:00,613 ppm,75.9 %H,12.2 μg/m³,11.8 μg/m³,23.5 °C,0.717 ppm
2024-02-29 09:00:00,660 ppm,78 %H,14.5 μg/m³,14.2 μg/m³,23.4 °C,0.548 ppm
2024-02-29 10:00:00,680 ppm,78.5 %H,12.8 μg/m³,12.7 μg/m³,23.3 °C,0.505 ppm
2024-02-29 11:00:00,678 ppm,78.7 %H,12.2 μg/m³,11.5 μg/m³,23.3 °C,0.480 ppm
2024-02-29 12:00:00,720 ppm,78.5 %H,12 μg/m³,11.8 μg/m³,23.2 °C,0.470 ppm
2024-02-29 13:00:00,696 ppm,78 %H,11.2 μg/m³,11.2 μg/m³,23.6 °C,0.437 ppm
2024-02-29 14:00:00,648 ppm,77.5 %H,12.5 μg/m³,12.5 μg/m³,24.0 °C,0.355 ppm
2024-02-29 15:00:00,710 ppm,77.5 %H,9.50 μg/m³,9.33 μg/m³,24.3 °C,0.493 ppm
2024-02-29 16:00:00,825 ppm,77.5 %H,8.33 μg/m³,8.33 μg/m³,24.6 °C,0.637 ppm
2024-02-29 17:00:00,822 ppm,77.5 %H,10.3 μg/m³,9.83 μg/m³,24.8 °C,0.578 ppm
2024-02-29 18:00:00,747 ppm,77 %H,10.5 μg/m³,10 μg/m³,24.8 °C,0.483 ppm
2024-02-29 19:00:00,681 ppm,77 %H,12.7 μg/m³,11.5 μg/m³,24.8 °C,0.475 ppm
2024-02-29 20:00:00,644 ppm,77 %H,12.3 μg/m³,12 μg/m³,24.7 °C,0.445 ppm
2024-02-29 21:00:00,633 ppm,77 %H,10.7 μg/m³,10.7 μg/m³,24.7 °C,0.400 ppm
2024-02-29 22:00:00,626 ppm,77 %H,11.8 μg/m³,10.7 μg/m³,24.7 °C,0.408 ppm
2024-02-29 23:00:00,613 ppm,77 %H,12 μg/m³,11.2 μg/m³,24.7 °C,0.410 ppm
2024-03-01 00:00:00,595 ppm,77 %H,13 μg/m³,12.2 μg/m³,24.6 °C,0.395 ppm
2024-03-01 01:00:00,591 ppm,77 %H,14.2 μg/m³,12.7 μg/m³,24.6 °C,0.422 ppm
2024-03-01 02:00:00,577 ppm,77 %H,11.7 μg/m³,11.3 μg/m³,24.6 °C,0.423 ppm
2024-03-01 03:00:00,566 ppm,77 %H,13.2 μg/m³,13 μg/m³,24.6 °C,0.395 ppm
2024-03-01 04:00:00,552 ppm,77 %H,11.3 μg/m³,11 μg/m³,24.6 °C,0.362 ppm
2024-03-01 05:00:00,540 ppm,77.1 %H,12.8 μg/m³,12 μg/m³,24.6 °C,0.390 ppm
2024-03-01 06:00:00,535 ppm,77.4 %H,11.8 μg/m³,11.7 μg/m³,24.6 °C,0.390 ppm
2024-03-01 07:00:00,523 ppm,77.5 %H,12.5 μg/m³,11.7 μg/m³,24.6 °C,0.453 ppm
2024-03-01 08:00:00,549 ppm,75.3 %H,12.8 μg/m³,12.7 μg/m³,23.6 °C,0.555 ppm
2024-03-01 09:00:00,609 ppm,76.5 %H,12.7 μg/m³,12 μg/m³,23.3 °C,0.385 ppm
2024-03-01 10:00:00,722 ppm,76.4 %H,12.2 μg/m³,12 μg/m³,23.2 °C,0.488 ppm
2024-03-01 11:00:00,865 ppm,75.9 %H,13.3 μg/m³,12 μg/m³,23.1 °C,0.718 ppm
2024-03-01 12:00:00,969 ppm,76.6 %H,13.7 μg/m³,13 μg/m³,23.3 °C,0.695 ppm
2024-03-01 13:00:00,1117 ppm,76.5 %H,12.2 μg/m³,12.2 μg/m³,23.3 °C,0.708 ppm
2024-03-01 14:00:00,1069 ppm,76.6 %H,12.2 μg/m³,11.7 μg/m³,23.3 °C,0.610 ppm
2024-03-01 15:00:00,1032 ppm,76.4 %H,11.8 μg/m³,11.8 μg/m³,23.3 °C,0.532 ppm
2024-03-01 16:00:00,1087 ppm,76.1 %H,10.2 μg/m³,10 μg/m³,23.3 °C,0.778 ppm
2024-03-01 17:00:00,1144 ppm,76.7 %H,9.67 μg/m³,9.67 μg/m³,23.2 °C,0.812 ppm
2024-03-01 18:00:00,1095 ppm,77.5 %H,11 μg/m³,10.2 μg/m³,23.2 °C,0.727 ppm
2024-03-01 19:00:00,982 ppm,77.9 %H,10 μg/m³,9.50 μg/m³,23.2 °C,0.560 ppm
2024-03-01 20:00:00,873 ppm,78.3 %H,13.3 μg/m³,13 μg/m³,23.5 °C,0.338 ppm
2024-03-01 21:00:00,808 ppm,77.8 %H,13.5 μg/m³,12.5 μg/m³,23.8 °C,0.408 ppm
2024-03-01 22:00:00,778 ppm,77.5 %H,12.5 μg/m³,12.3 μg/m³,24.0 °C,0.433 ppm
2024-03-01 23:00:00,746 ppm,77.5 %H,13.5 μg/m³,13 μg/m³,24.1 °C,0.492 ppm
2024-03-02 00:00:00,725 ppm,77.5 %H,15 μg/m³,13.5 μg/m³,24.2 °C,0.530 ppm
2024-03-02 01:00:00,710 ppm,77.5 %H,14.2 μg/m³,13.7 μg/m³,24.2 °C,0.507 ppm
2024-03-02 02:00:00,692 ppm,77.5 %H,13.7 μg/m³,12.8 μg/m³,24.3 °C,0.478 ppm
2024-03-02 03:00:00,678 ppm,77.5 %H,16.2 μg/m³,14.2 μg/m³,24.3 °C,0.472 ppm
2024-03-02 04:00:00,658 ppm,77.5 %H,13.3 μg/m³,13 μg/m³,24.4 °C,0.508 ppm
2024-03-02 05:00:00,648 ppm,77.5 %H,12.7 μg/m³,12 μg/m³,24.4 °C,0.423 ppm
2024-03-02 06:00:00,628 ppm,78 %H,12.5 μg/m³,12 μg/m³,24.4 °C,0.387 ppm
2024-03-02 07:00:00,609 ppm,78 %H,13.2 μg/m³,13 μg/m³,24.5 °C,0.365 ppm
2024-03-02 08:00:00,586 ppm,76.6 %H,12.2 μg/m³,12 μg/m³,23.5 °C,0.413 ppm
2024-03-02 09:00:00,543 ppm,77.9 %H,12.3 μg/m³,11.7 μg/m³,23.2 °C,0.323 ppm
2024-03-02 10:00:00,512 ppm,78.8 %H,13.8 μg/m³,13.2 μg/m³,23.1 °C,0.372 ppm
2024-03-02 11:00:00,497 ppm,78.9 %H,13.8 μg/m³,13 μg/m³,23.3 °C,0.387 ppm
2024-03-02 12:00:00,478 ppm,78.4 %H,13.5 μg/m³,13.5 μg/m³,23.3 °C,0.332 ppm
2024-03-02 13:00:00,463 ppm,78.4 %H,14.2 μg/m³,13.2 μg/m³,23.3 °C,0.305 ppm
2024-03-02 14:00:00,457 ppm,78.8 %H,13.3 μg/m³,13 μg/m³,23.2 °C,0.313 ppm
2024-03-02 15:00:00,459 ppm,79 %H,13.5 μg/m³,13.5 μg/m³,23.3 °C,0.383 ppm
2024-03-02 16:00:00,465 ppm,79.3 %H,12.8 μg/m³,12.3 μg/m³,23.2 °C,0.435 ppm
2024-03-02 17:00:00,468 ppm,79.3 %H,12.8 μg/m³,12.3 μg/m³,23.1 °C,0.412 ppm
2024-03-02 18:00:00,469 ppm,79.4 %H,13.3 μg/m³,12.5 μg/m³,23.1 °C,0.407 ppm
2024-03-02 19:00:00,465 ppm,79.7 %H,13.2 μg/m³,12.3 μg/m³,23.1 °C,0.413 ppm
2024-03-02 20:00:00,461 ppm,79.7 %H,12.7 μg/m³,12.3 μg/m³,23.4 °C,0.363 ppm
2024-03-02 21:00:00,457 ppm,79.3 %H,12.3 μg/m³,12.2 μg/m³,23.7 °C,0.470 ppm
2024-03-02 22:00:00,460 ppm,79 %H,13.5 μg/m³,13.2 μg/m³,23.8 °C,0.445 ppm
2024-03-02 23:00:00,456 ppm,79 %H,14.5 μg/m³,13 μg/m³,24.0 °C,0.437 ppm
2024-03-03 00:00:00,456 ppm,79 %H,13 μg/m³,12.7 μg/m³,24 °C,0.522 ppm
2024-03-03 01:00:00,453 ppm,79 %H,15 μg/m³,14.5 μg/m³,24.1 °C,0.485 ppm
2024-03-03 02:00:00,444 ppm,79 %H,14.3 μg/m³,13.7 μg/m³,24.1 °C,0.557 ppm
2024-03-03 03:00:00,439 ppm,79 %H,15.8 μg/m³,15.2 μg/m³,24.2 °C,0.490 ppm
2024-03-03 04:00:00,436 ppm,79 %H,14.2 μg/m³,13.7 μg/m³,24.2 °C,0.535 ppm
2024-03-03 05:00:00,434 ppm,79 %H,15.5 μg/m³,15 μg/m³,24.2 °C,0.553 ppm
2024-03-03 06:00:00,425 ppm,79 %H,13.3 μg/m³,13 μg/m³,24.2 °C,0.587 ppm
2024-03-03 07:00:00,427 ppm,79 %H,12.7 μg/m³,12.2 μg/m³,24.3 °C,0.482 ppm
2024-03-03 08:00:00,424 ppm,79 %H,13.5 μg/m³,13.5 μg/m³,24.3 °C,0.457 ppm
2024-03-03 09:00:00,418 ppm,79 %H,13.5 μg/m³,13.2 μg/m³,24.3 °C,0.488 ppm
2024-03-03 10:00:00,413 ppm,79 %H,12.2 μg/m³,11.7 μg/m³,24.3 °C,0.475 ppm
2024-03-03 11:00:00,411 ppm,78.5 %H,11.7 μg/m³,11.7 μg/m³,24.4 °C,0.537 ppm
2024-03-03 12:00:00,416 ppm,78.5 %H,12 μg/m³,11.3 μg/m³,24.5 °C,0.538 ppm
2024-03-03 13:00:00,425 ppm,78.5 %H,12.5 μg/m³,12 μg/m³,24.5 °C,0.560 ppm
2024-03-03 14:00:00,430 ppm,78.5 %H,12.8 μg/m³,12.3 μg/m³,24.6 °C,0.533 ppm
2024-03-03 15:00:00,442 ppm,78.5 %H,11.3 μg/m³,10.5 μg/m³,24.8 °C,0.597 ppm
2024-03-03 16:00:00,458 ppm,78.5 %H,12.2 μg/m³,11.5 μg/m³,24.8 °C,0.657 ppm
2024-03-03 17:00:00,478 ppm,78.5 %H,12.8 μg/m³,11.8 μg/m³,24.8 °C,0.618 ppm
2024-03-03 18:00:00,501 ppm,78.5 %H,12.7 μg/m³,12.7 μg/m³,24.8 °C,0.643 ppm
2024-03-03 19:00:00,507 ppm,78.5 %H,12.8 μg/m³,12.2 μg/m³,24.8 °C,0.678 ppm
2024-03-03 20:00:00,512 ppm,78.5 %H,15.5 μg/m³,14.3 μg/m³,24.8 °C,0.615 ppm
2024-03-03 21:00:00,521 ppm,78.5 %H,13.7 μg/m³,12.5 μg/m³,24.7 °C,0.538 ppm
2024-03-03 22:00:00,524 ppm,78.8 %H,13.8 μg/m³,13 μg/m³,24.7 °C,0.528 ppm
2024-03-03 23:00:00,517 ppm,79 %H,13.8 μg/m³,13.5 μg/m³,24.8 °C,0.540 ppm
2024-03-04 00:00:00,518 ppm,79 %H,13 μg/m³,12.7 μg/m³,24.8 °C,0.475 ppm
2024-03-04 01:00:00,503 ppm,79 %H,14.2 μg/m³,13.5 μg/m³,24.8 °C,0.520 ppm
2024-03-04 02:00:00,499 ppm,79 %H,13.8 μg/m³,12.8 μg/m³,24.8 °C,0.482 ppm
2024-03-04 03:00:00,490 ppm,79 %H,14 μg/m³,13.2 μg/m³,24.8 °C,0.437 ppm
2024-03-04 04:00:00,483 ppm,79 %H,14.2 μg/m³,13.5 μg/m³,24.8 °C,0.443 ppm
2024-03-04 05:00:00,477 ppm,79 %H,14.5 μg/m³,14.3 μg/m³,24.8 °C,0.467 ppm
2024-03-04 06:00:00,472 ppm,79.5 %H,14.7 μg/m³,14.2 μg/m³,24.8 °C,0.422 ppm
2024-03-04 07:00:00,467 ppm,79.5 %H,15 μg/m³,14 μg/m³,24.8 °C,0.420 ppm
2024-03-04 08:00:00,507 ppm,76.3 %H,16 μg/m³,15.3 μg/m³,23.7 °C,0.712 ppm
2024-03-04 09:00:00,556 ppm,76.8 %H,19.8 μg/m³,18.8 μg/m³,23.3 °C,0.580 ppm
2024-03-04 10:00:00,601 ppm,77.1 %H,20.1 μg/m³,20 μg/m³,23.2 °C,0.511 ppm
2024-03-04 11:00:00,811 ppm,76.5 %H,21.5 μg/m³,21.2 μg/m³,23.2 °C,0.547 ppm
2024-03-04 12:00:00,992 ppm,75.7 %H,23.6 μg/m³,22.2 μg/m³,23.2 °C,0.638 ppm
2024-03-04 13:00:00,1122 ppm,76.1 %H,24.7 μg/m³,23.3 μg/m³,23.2 °C,0.540 ppm
2024-03-04 14:00:00,1031 ppm,76.9 %H,24.8 μg/m³,23.5 μg/m³,23.1 °C,0.368 ppm
2024-03-04 15:00:00,937 ppm,77.3 %H,23.8 μg/m³,22 μg/m³,23.1 °C,0.383 ppm
2024-03-04 16:00:00,890 ppm,77.4 %H,29.2 μg/m³,27.7 μg/m³,23.2 °C,0.408 ppm
2024-03-04 17:00:00,856 ppm,77.5 %H,27 μg/m³,25.8 μg/m³,23.1 °C,0.362 ppm
2024-03-04 18:00:00,843 ppm,78.5 %H,23.3 μg/m³,22.5 μg/m³,23.0 °C,0.475 ppm
2024-03-04 19:00:00,787 ppm,79.1 %H,24.7 μg/m³,22.8 μg/m³,23.0 °C,0.412 ppm
2024-03-04 20:00:00,727 ppm,79.3 %H,24 μg/m³,23.2 μg/m³,23.5 °C,0.315 ppm
2024-03-04 21:00:00,698 ppm,78.7 %H,22.7 μg/m³,22.2 μg/m³,23.8 °C,0.425 ppm
2024-03-04 22:00:00,675 ppm,78.5 %H,20.8 μg/m³,19.5 μg/m³,23.9 °C,0.430 ppm
2024-03-04 23:00:00,657 ppm,78.5 %H,19.5 μg/m³,18.7 μg/m³,24.0 °C,0.440 ppm
2024-03-05 00:00:00,635 ppm,78.5 %H,19.5 μg/m³,19.2 μg/m³,24.1 °C,0.372 ppm
2024-03-05 01:00:00,616 ppm,78.5 %H,19.2 μg/m³,18.3 μg/m³,24.2 °C,0.415 ppm
2024-03-05 02:00:00,597 ppm,78.5 %H,18.2 μg/m³,17.5 μg/m³,24.2 °C,0.455 ppm
2024-03-05 03:00:00,582 ppm,78.5 %H,17.3 μg/m³,16.2 μg/m³,24.3 °C,0.463 ppm
2024-03-05 04:00:00,575 ppm,78.5 %H,16.8 μg/m³,15.8 μg/m³,24.3 °C,0.440 ppm
2024-03-05 05:00:00,562 ppm,78.5 %H,15.3 μg/m³,15 μg/m³,24.3 °C,0.405 ppm
2024-03-05 06:00:00,549 ppm,78.5 %H,14.7 μg/m³,14.2 μg/m³,24.3 °C,0.428 ppm
2024-03-05 07:00:00,538 ppm,78.5 %H,15.2 μg/m³,15 μg/m³,24.4 °C,0.472 ppm
2024-03-05 08:00:00,587 ppm,77.8 %H,14.7 μg/m³,13.8 μg/m³,23.7 °C,0.932 ppm
2024-03-05 09:00:00,628 ppm,78.8 %H,16.8 μg/m³,16 μg/m³,23.4 °C,0.693 ppm
2024-03-05 10:00:00,704 ppm,78.2 %H,17.8 μg/m³,17.2 μg/m³,23.3 °C,0.643 ppm
2024-03-05 11:00:00,903 ppm,76.7 %H,19 μg/m³,17.8 μg/m³,23.4 °C,0.625 ppm
2024-03-05 12:00:00,1010 ppm,76.8 %H,16.2 μg/m³,15.8 μg/m³,23.2 °C,0.570 ppm
2024-03-05 13:00:00,938 ppm,77.8 %H,18 μg/m³,17.5 μg/m³,23.3 °C,0.427 ppm
2024-03-05 14:00:00,904 ppm,78 %H,17.8 μg/m³,16.8 μg/m³,23.3 °C,0.300 ppm
2024-03-05 15:00:00,879 ppm,78.3 %H,16.5 μg/m³,15.7 μg/m³,23.2 °C,0.382 ppm
2024-03-05 16:00:00,862 ppm,78.8 %H,14.5 μg/m³,14.3 μg/m³,23.1 °C,0.382 ppm
2024-03-05 17:00:00,865 ppm,79.1 %H,14.5 μg/m³,14.5 μg/m³,23.2 °C,0.457 ppm
2024-03-05 18:00:00,857 ppm,79.4 %H,15 μg/m³,14.2 μg/m³,23.2 °C,0.422 ppm
2024-03-05 19:00:00,813 ppm,79.6 %H,13.8 μg/m³,13.8 μg/m³,23.3 °C,0.507 ppm
2024-03-05 20:00:00,757 ppm,79.8 %H,14.7 μg/m³,14.7 μg/m³,23.2 °C,0.467 ppm
2024-03-05 21:00:00,732 ppm,79.8 %H,14.3 μg/m³,13.2 μg/m³,23.1 °C,0.537 ppm
2024-03-05 22:00:00,708 ppm,80 %H,12 μg/m³,11.8 μg/m³,23.2 °C,0.495 ppm
2024-03-05 23:00:00,692 ppm,79.9 %H,12.3 μg/m³,12.3 μg/m³,23.2 °C,0.507 ppm
2024-03-06 00:00:00,676 ppm,80.2 %H,11.3 μg/m³,11 μg/m³,23.1 °C,0.455 ppm
2024-03-06 01:00:00,656 ppm,80.1 %H,10.3 μg/m³,10 μg/m³,23.1 °C,0.472 ppm
2024-03-06 02:00:00,640 ppm,80.3 %H,11.7 μg/m³,11.2 μg/m³,23.0 °C,0.560 ppm
2024-03-06 03:00:00,627 ppm,80.4 %H,11.2 μg/m³,11 μg/m³,23.1 °C,0.470 ppm
2024-03-06 04:00:00,616 ppm,80.3 %H,10.2 μg/m³,10 μg/m³,23.3 °C,0.555 ppm
2024-03-06 05:00:00,598 ppm,80.4 %H,10.2 μg/m³,9.83 μg/m³,23.3 °C,0.558 ppm
2024-03-06 06:00:00,587 ppm,80.3 %H,12 μg/m³,11.2 μg/m³,23.2 °C,0.517 ppm
2024-03-06 07:00:00,578 ppm,80.4 %H,10.8 μg/m³,10.2 μg/m³,23.2 °C,0.580 ppm
2024-03-06 08:00:00,629 ppm,80.7 %H,12.2 μg/m³,11.5 μg/m³,23.2 °C,0.612 ppm
2024-03-06 09:00:00,670 ppm,80.6 %H,11.8 μg/m³,11.7 μg/m³,23.1 °C,0.577 ppm
2024-03-06 10:00:00,710 ppm,80.7 %H,15.2 μg/m³,15 μg/m³,23.1 °C,0.525 ppm
2024-03-06 11:00:00,958 ppm,80.3 %H,11.5 μg/m³,10.8 μg/m³,23.3 °C,0.730 ppm
2024-03-06 12:00:00,1236 ppm,79.4 %H,9.83 μg/m³,9.83 μg/m³,23.6 °C,0.822 ppm
2024-03-06 13:00:00,1290 ppm,77.8 %H,9.20 μg/m³,8.80 μg/m³,23.8 °C,0.770 ppm
2024-03-06 14:00:00,1086 ppm,78.2 %H,10.8 μg/m³,10.5 μg/m³,23.6 °C,0.505 ppm
2024-03-06 15:00:00,990 ppm,78.6 %H,13.7 μg/m³,13.2 μg/m³,23.5 °C,0.365 ppm
2024-03-06 16:00:00,937 ppm,78.7 %H,12.3 μg/m³,12.2 μg/m³,23.5 °C,0.338 ppm
2024-03-06 17:00:00,905 ppm,79 %H,10 μg/m³,9.83 μg/m³,23.5 °C,0.403 ppm
2024-03-06 18:00:00,885 ppm,79.3 %H,11.8 μg/m³,11.3 μg/m³,23.5 °C,0.483 ppm
2024-03-06 19:00:00,846 ppm,79.3 %H,13.7 μg/m³,13.3 μg/m³,23.5 °C,0.520 ppm
2024-03-06 20:00:00,787 ppm,80 %H,14.8 μg/m³,13.5 μg/m³,23.6 °C,0.572 ppm
2024-03-06 21:00:00,760 ppm,79.8 %H,14.7 μg/m³,13.2 μg/m³,23.7 °C,0.597 ppm
2024-03-06 22:00:00,734 ppm,79.5 %H,16.3 μg/m³,15 μg/m³,23.8 °C,0.627 ppm
2024-03-06 23:00:00,710 ppm,79.5 %H,14 μg/m³,13.8 μg/m³,23.9 °C,0.663 ppm
2024-03-07 00:00:00,690 ppm,79.5 %H,16.3 μg/m³,14.5 μg/m³,23.9 °C,0.672 ppm
2024-03-07 01:00:00,671 ppm,79.5 %H,14.8 μg/m³,14.7 μg/m³,23.9 °C,0.658 ppm
2024-03-07 02:00:00,651 ppm,79.5 %H,15.5 μg/m³,14.2 μg/m³,24.0 °C,0.745 ppm
2024-03-07 03:00:00,634 ppm,79.5 %H,15 μg/m³,14 μg/m³,24 °C,0.653 ppm
2024-03-07 04:00:00,624 ppm,79.5 %H,16.2 μg/m³,14.8 μg/m³,24 °C,0.730 ppm
2024-03-07 05:00:00,612 ppm,79.5 %H,15 μg/m³,14.3 μg/m³,24.1 °C,0.727 ppm
2024-03-07 06:00:00,598 ppm,79.5 %H,16.5 μg/m³,15 μg/m³,24.1 °C,0.710 ppm
2024-03-07 07:00:00,593 ppm,79.5 %H,16.7 μg/m³,16.5 μg/m³,24.1 °C,0.710 ppm
2024-03-07 08:00:00,639 ppm,78.6 %H,19.2 μg/m³,18.7 μg/m³,23.5 °C,0.798 ppm
2024-03-07 09:00:00,660 ppm,79.5 %H,20.3 μg/m³,19.3 μg/m³,23.3 °C,0.595 ppm
2024-03-07 10:00:00,692 ppm,80 %H,20.8 μg/m³,20.4 μg/m³,23.4 °C,0.536 ppm
2024-03-07 11:00:00,800 ppm,79.8 %H,20.5 μg/m³,19.5 μg/m³,23.3 °C,0.477 ppm
2024-03-07 12:00:00,876 ppm,79.3 %H,20.5 μg/m³,18.8 μg/m³,23.3 °C,0.482 ppm
2024-03-07 13:00:00,913 ppm,78.7 %H,20.3 μg/m³,19.3 μg/m³,23.2 °C,0.412 ppm
2024-03-07 14:00:00,901 ppm,78.1 %H,19 μg/m³,18.5 μg/m³,23.1 °C,0.358 ppm
2024-03-07 15:00:00,874 ppm,78.6 %H,16 μg/m³,16 μg/m³,23.1 °C,0.307 ppm
2024-03-07 16:00:00,847 ppm,79.5 %H,17.3 μg/m³,16.3 μg/m³,23.2 °C,0.388 ppm
2024-03-07 17:00:00,829 ppm,79.9 %H,17.7 μg/m³,17.3 μg/m³,23.2 °C,0.442 ppm
2024-03-07 18:00:00,799 ppm,80.2 %H,16.7 μg/m³,16.3 μg/m³,23.1 °C,0.353 ppm
2024-03-07 19:00:00,726 ppm,80.7 %H,16.3 μg/m³,15.8 μg/m³,23.2 °C,0.320 ppm
2024-03-07 20:00:00,682 ppm,80.3 %H,17.5 μg/m³,16.5 μg/m³,23.4 °C,0.377 ppm
2024-03-07 21:00:00,658 ppm,80 %H,16.8 μg/m³,16.3 μg/m³,23.6 °C,0.410 ppm
2024-03-07 22:00:00,640 ppm,80 %H,16 μg/m³,15.3 μg/m³,23.8 °C,0.442 ppm
2024-03-07 23:00:00,625 ppm,79.9 %H,17.5 μg/m³,16.7 μg/m³,23.9 °C,0.465 ppm
2024-03-08 00:00:00,610 ppm,79.6 %H,16.8 μg/m³,16.2 μg/m³,23.9 °C,0.498 ppm
2024-03-08 01:00:00,591 ppm,79.5 %H,16.8 μg/m³,16 μg/m³,24 °C,0.500 ppm
2024-03-08 02:00:00,576 ppm,79.5 %H,16.7 μg/m³,16.2 μg/m³,24.0 °C,0.418 ppm
2024-03-08 03:00:00,560 ppm,79.8 %H,17.7 μg/m³,17.5 μg/m³,24.1 °C,0.445 ppm
2024-03-08 04:00:00,551 ppm,80 %H,17.8 μg/m³,17.3 μg/m³,24.1 °C,0.382 ppm
2024-03-08 05:00:00,536 ppm,80 %H,18 μg/m³,17.2 μg/m³,24.1 °C,0.412 ppm
2024-03-08 06:00:00,522 ppm,80 %H,16.5 μg/m³,16 μg/m³,24.2 °C,0.357 ppm
2024-03-08 07:00:00,518 ppm,80 %H,17.2 μg/m³,17 μg/m³,24.2 °C,0.385 ppm
2024-03-08 08:00:00,568 ppm,78.3 %H,16.8 μg/m³,16.2 μg/m³,23.5 °C,0.505 ppm
2024-03-08 09:00:00,618 ppm,79.3 %H,18.3 μg/m³,18.2 μg/m³,23.2 °C,0.385 ppm
2024-03-08 10:00:00,679 ppm,80.3 %H,16.5 μg/m³,16.2 μg/m³,23.3 °C,0.362 ppm
2024-03-08 11:00:00,848 ppm,79.7 %H,19 μg/m³,17.8 μg/m³,23.3 °C,0.607 ppm
2024-03-08 12:00:00,979 ppm,79 %H,17 μg/m³,16.5 μg/m³,23.3 °C,0.737 ppm
2024-03-08 13:00:00,933 ppm,79.2 %H,18.8 μg/m³,17.3 μg/m³,23.3 °C,0.732 ppm
2024-03-08 14:00:00,845 ppm,78.8 %H,16.8 μg/m³,16.3 μg/m³,23.3 °C,0.737 ppm
2024-03-08 15:00:00,812 ppm,78.8 %H,17 μg/m³,17 μg/m³,23.2 °C,0.553 ppm
2024-03-08 16:00:00,807 ppm,79.8 %H,16.2 μg/m³,15.2 μg/m³,23.2 °C,0.472 ppm
2024-03-08 17:00:00,792 ppm,80.2 %H,14.7 μg/m³,13.7 μg/m³,23.2 °C,0.320 ppm
2024-03-08 18:00:00,740 ppm,80.2 %H,14.2 μg/m³,13.8 μg/m³,23.2 °C,0.328 ppm
2024-03-08 19:00:00,690 ppm,80.5 %H,18.5 μg/m³,16.7 μg/m³,23.1 °C,0.375 ppm
2024-03-08 20:00:00,657 ppm,80.5 %H,18.7 μg/m³,17 μg/m³,23.5 °C,0.437 ppm
2024-03-08 21:00:00,648 ppm,80 %H,19 μg/m³,18 μg/m³,23.7 °C,0.512 ppm
2024-03-08 22:00:00,653 ppm,79.8 %H,18.7 μg/m³,17.3 μg/m³,23.8 °C,0.633 ppm
2024-03-08 23:00:00,660 ppm,79.5 %H,18.5 μg/m³,17 μg/m³,23.9 °C,0.523 ppm
2024-03-09 00:00:00,669 ppm,79.5 %H,19.6 μg/m³,18 μg/m³,23.9 °C,0.668 ppm
2024-03-09 01:00:00,694 ppm,79.5 %H,18.6 μg/m³,17 μg/m³,24 °C,0.720 ppm
2024-03-09 02:00:00,712 ppm,79.5 %H,19.6 μg/m³,18.9 μg/m³,24.0 °C,0.796 ppm
2024-03-09 03:00:00,718 ppm,79.5 %H,19 μg/m³,18.2 μg/m³,24.1 °C,0.838 ppm
2024-03-09 04:00:00,719 ppm,79.5 %H,16.7 μg/m³,16.5 μg/m³,24.1 °C,0.750 ppm
2024-03-09 05:00:00,709 ppm,79.5 %H,18.3 μg/m³,18 μg/m³,24.2 °C,0.687 ppm
2024-03-09 06:00:00,701 ppm,79.5 %H,18.8 μg/m³,17.5 μg/m³,24.2 °C,0.693 ppm
2024-03-09 07:00:00,689 ppm,79.5 %H,18.8 μg/m³,18.7 μg/m³,24.2 °C,0.627 ppm
2024-03-09 08:00:00,669 ppm,79.4 %H,19.8 μg/m³,19 μg/m³,23.6 °C,0.645 ppm
2024-03-09 09:00:00,626 ppm,80.4 %H,19.8 μg/m³,19 μg/m³,23.4 °C,0.527 ppm
2024-03-09 10:00:00,590 ppm,80.8 %H,22.3 μg/m³,21.2 μg/m³,23.3 °C,0.438 ppm
2024-03-09 11:00:00,563 ppm,80.6 %H,19.5 μg/m³,18.3 μg/m³,23.2 °C,0.363 ppm
2024-03-09 12:00:00,555 ppm,80.8 %H,19.7 μg/m³,18.3 μg/m³,23.2 °C,0.352 ppm
2024-03-09 13:00:00,541 ppm,80.1 %H,17.7 μg/m³,17 μg/m³,23.2 °C,0.315 ppm
2024-03-09 14:00:00,535 ppm,79.9 %H,16.2 μg/m³,15.8 μg/m³,23.3 °C,0.293 ppm
2024-03-09 15:00:00,527 ppm,80 %H,15.5 μg/m³,15.2 μg/m³,23.3 °C,0.330 ppm
2024-03-09 16:00:00,536 ppm,79.8 %H,16.8 μg/m³,16.3 μg/m³,23.2 °C,0.318 ppm
2024-03-09 17:00:00,541 ppm,79.9 %H,15 μg/m³,14.5 μg/m³,23.2 °C,0.318 ppm
2024-03-09 18:00:00,548 ppm,80.2 %H,14.7 μg/m³,14.7 μg/m³,23.3 °C,0.351 ppm
2024-03-09 19:00:00,538 ppm,80.3 %H,13.2 μg/m³,13.2 μg/m³,23.2 °C,0.375 ppm
2024-03-09 20:00:00,524 ppm,80.5 %H,16.5 μg/m³,15.8 μg/m³,23.4 °C,0.328 ppm
2024-03-09 21:00:00,531 ppm,80 %H,16.2 μg/m³,15.3 μg/m³,23.7 °C,0.388 ppm
2024-03-09 22:00:00,525 ppm,80 %H,16 μg/m³,15 μg/m³,23.8 °C,0.370 ppm
2024-03-09 23:00:00,523 ppm,80 %H,16.3 μg/m³,15.8 μg/m³,23.9 °C,0.452 ppm
2024-03-10 00:00:00,516 ppm,80 %H,16.8 μg/m³,15.8 μg/m³,24 °C,0.393 ppm
2024-03-10 01:00:00,507 ppm,79.9 %H,14.6 μg/m³,14.2 μg/m³,24.1 °C,0.514 ppm
2024-03-10 02:00:00,494 ppm,79.6 %H,14.7 μg/m³,14.3 μg/m³,24.1 °C,0.472 ppm
2024-03-10 03:00:00,488 ppm,79.5 %H,14.2 μg/m³,13.8 μg/m³,24.1 °C,0.455 ppm
2024-03-10 04:00:00,481 ppm,79.7 %H,13 μg/m³,12.8 μg/m³,24.2 °C,0.445 ppm
2024-03-10 05:00:00,475 ppm,79.8 %H,13.2 μg/m³,12.8 μg/m³,24.2 °C,0.393 ppm
2024-03-10 06:00:00,468 ppm,79.8 %H,14.5 μg/m³,13.5 μg/m³,24.2 °C,0.400 ppm
2024-03-10 07:00:00,466 ppm,79.8 %H,12.5 μg/m³,12.2 μg/m³,24.2 °C,0.470 ppm
2024-03-10 08:00:00,460 ppm,79.8 %H,12.8 μg/m³,12.7 μg/m³,24.3 °C,0.418 ppm
2024-03-10 09:00:00,457 ppm,79.5 %H,14.7 μg/m³,13.8 μg/m³,24.3 °C,0.368 ppm
2024-03-10 10:00:00,451 ppm,79.5 %H,13 μg/m³,12.8 μg/m³,24.4 °C,0.397 ppm
2024-03-10 11:00:00,452 ppm,79.5 %H,15.5 μg/m³,15 μg/m³,24.6 °C,0.420 ppm
2024-03-10 12:00:00,456 ppm,79.5 %H,17.8 μg/m³,17.2 μg/m³,24.6 °C,0.422 ppm
2024-03-10 13:00:00,458 ppm,79.4 %H,20.8 μg/m³,19 μg/m³,24.8 °C,0.378 ppm
2024-03-10 14:00:00,465 ppm,79 %H,22.3 μg/m³,21.5 μg/m³,24.9 °C,0.395 ppm
2024-03-10 15:00:00,482 ppm,79 %H,26 μg/m³,24.5 μg/m³,24.9 °C,0.477 ppm
2024-03-10 16:00:00,511 ppm,79 %H,26.8 μg/m³,25 μg/m³,24.9 °C,0.583 ppm
2024-03-10 17:00:00,537 ppm,78.8 %H,28.2 μg/m³,27.2 μg/m³,24.9 °C,0.682 ppm
2024-03-10 18:00:00,559 ppm,78.5 %H,29.3 μg/m³,27.7 μg/m³,24.9 °C,0.703 ppm
2024-03-10 19:00:00,565 ppm,78.5 %H,30.3 μg/m³,28.7 μg/m³,24.9 °C,0.773 ppm
2024-03-10 20:00:00,572 ppm,78.5 %H,30 μg/m³,28.7 μg/m³,24.8 °C,0.700 ppm
2024-03-10 21:00:00,576 ppm,78.5 %H,29.8 μg/m³,27.7 μg/m³,24.8 °C,0.693 ppm
2024-03-10 22:00:00,572 ppm,78.5 %H,28 μg/m³,26.6 μg/m³,24.8 °C,0.678 ppm
2024-03-10 23:00:00,569 ppm,79 %H,29.6 μg/m³,27.9 μg/m³,24.8 °C,0.574 ppm
2024-03-11 00:00:00,557 ppm,79 %H,29.8 μg/m³,28.2 μg/m³,24.8 °C,0.627 ppm
2024-03-11 01:00:00,545 ppm,79 %H,30.8 μg/m³,29.5 μg/m³,24.8 °C,0.487 ppm
2024-03-11 02:00:00,539 ppm,79 %H,29.2 μg/m³,28 μg/m³,24.8 °C,0.470 ppm
2024-03-11 03:00:00,526 ppm,79 %H,28.5 μg/m³,27.7 μg/m³,24.8 °C,0.495 ppm
2024-03-11 04:00:00,512 ppm,79 %H,29.8 μg/m³,28.8 μg/m³,24.8 °C,0.470 ppm
2024-03-11 05:00:00,503 ppm,79 %H,33.6 μg/m³,31.2 μg/m³,24.8 °C,0.418 ppm
2024-03-11 06:00:00,498 ppm,79 %H,31.7 μg/m³,29.3 μg/m³,24.8 °C,0.428 ppm
2024-03-11 07:00:00,486 ppm,79 %H,29.8 μg/m³,28 μg/m³,24.8 °C,0.402 ppm
2024-03-11 08:00:00,478 ppm,77.4 %H,29.5 μg/m³,28.3 μg/m³,23.9 °C,0.433 ppm
2024-03-11 09:00:00,495 ppm,78.7 %H,29.3 μg/m³,28.7 μg/m³,23.6 °C,0.353 ppm
2024-03-11 10:00:00,583 ppm,78.6 %H,28.3 μg/m³,26.8 μg/m³,23.5 °C,0.308 ppm
2024-03-11 11:00:00,712 ppm,78 %H,27.4 μg/m³,25.2 μg/m³,23.5 °C,0.358 ppm
2024-03-11 12:00:00,801 ppm,77.1 %H,24 μg/m³,23.3 μg/m³,23.4 °C,0.345 ppm
2024-03-11 13:00:00,768 ppm,77.2 %H,26 μg/m³,25 μg/m³,23.4 °C,0.398 ppm
2024-03-11 14:00:00,865 ppm,76.7 %H,24.3 μg/m³,23 μg/m³,23.4 °C,0.457 ppm
2024-03-11 15:00:00,974 ppm,76 %H,22.3 μg/m³,21.3 μg/m³,23.4 °C,0.683 ppm
2024-03-11 16:00:00,1122 ppm,75.4 %H,21.3 μg/m³,20.5 μg/m³,23.3 °C,0.678 ppm
2024-03-11 17:00:00,1113 ppm,75.9 %H,19.2 μg/m³,18.8 μg/m³,23.2 °C,0.610 ppm
2024-03-11 18:00:00,963 ppm,77.5 %H,20.3 μg/m³,19.2 μg/m³,23.1 °C,0.395 ppm
2024-03-11 19:00:00,832 ppm,78.3 %H,22.3 μg/m³,21.7 μg/m³,23.1 °C,0.322 ppm
2024-03-11 20:00:00,745 ppm,78.4 %H,28.8 μg/m³,27 μg/m³,23.6 °C,0.357 ppm
2024-03-11 21:00:00,704 ppm,78 %H,25.8 μg/m³,25.2 μg/m³,23.9 °C,0.345 ppm
2024-03-11 22:00:00,672 ppm,78 %H,24 μg/m³,23.8 μg/m³,24.1 °C,0.372 ppm
2024-03-11 23:00:00,646 ppm,77.7 %H,25.3 μg/m³,24 μg/m³,24.2 °C,0.372 ppm
2024-03-12 00:00:00,619 ppm,77.5 %H,25.5 μg/m³,24.5 μg/m³,24.3 °C,0.388 ppm
2024-03-12 01:00:00,592 ppm,77.6 %H,25 μg/m³,24.3 μg/m³,24.3 °C,0.370 ppm
2024-03-12 02:00:00,569 ppm,77.9 %H,24.3 μg/m³,23.7 μg/m³,24.4 °C,0.355 ppm
2024-03-12 03:00:00,556 ppm,78 %H,25.8 μg/m³,25.8 μg/m³,24.4 °C,0.415 ppm
2024-03-12 04:00:00,528 ppm,78 %H,26.3 μg/m³,25.5 μg/m³,24.5 °C,0.405 ppm
2024-03-12 05:00:00,518 ppm,78 %H,24.5 μg/m³,23.7 μg/m³,24.5 °C,0.367 ppm
2024-03-12 06:00:00,504 ppm,78 %H,25.2 μg/m³,24 μg/m³,24.6 °C,0.350 ppm
2024-03-12 07:00:00,496 ppm,78 %H,26 μg/m³,25 μg/m³,24.6 °C,0.400 ppm
2024-03-12 08:00:00,483 ppm,77.3 %H,26 μg/m³,25 μg/m³,23.8 °C,0.438 ppm
2024-03-12 09:00:00,469 ppm,78.4 %H,24.2 μg/m³,22.8 μg/m³,23.3 °C,0.348 ppm
2024-03-12 10:00:00,482 ppm,78.4 %H,21.5 μg/m³,20.8 μg/m³,23.3 °C,0.358 ppm
2024-03-12 11:00:00,538 ppm,77.8 %H,19.3 μg/m³,19 μg/m³,23.2 °C,0.365 ppm
2024-03-12 12:00:00,580 ppm,77.6 %H,16.3 μg/m³,16.2 μg/m³,23.2 °C,0.432 ppm
2024-03-12 13:00:00,601 ppm,77.2 %H,16.7 μg/m³,16.3 μg/m³,23.1 °C,0.373 ppm
2024-03-12 14:00:00,641 ppm,76.8 %H,15.5 μg/m³,15 μg/m³,23.2 °C,0.412 ppm
2024-03-12 15:00:00,728 ppm,76.8 %H,16.3 μg/m³,15.5 μg/m³,23.2 °C,0.488 ppm
2024-03-12 16:00:00,800 ppm,77 %H,16.3 μg/m³,16 μg/m³,23.2 °C,0.577 ppm
2024-03-12 17:00:00,847 ppm,77.3 %H,16.5 μg/m³,15.8 μg/m³,23.2 °C,0.732 ppm
2024-03-12 18:00:00,874 ppm,77.6 %H,19 μg/m³,17.5 μg/m³,23.3 °C,0.845 ppm
2024-03-12 19:00:00,860 ppm,78 %H,16.8 μg/m³,16.8 μg/m³,23.2 °C,0.948 ppm
2024-03-12 20:00:00,788 ppm,78.4 %H,20.3 μg/m³,19.8 μg/m³,23.6 °C,0.713 ppm
2024-03-12 21:00:00,738 ppm,78 %H,22.5 μg/m³,21.7 μg/m³,23.8 °C,0.600 ppm
2024-03-12 22:00:00,703 ppm,77.9 %H,20.3 μg/m³,19.8 μg/m³,24.0 °C,0.620 ppm
2024-03-12 23:00:00,670 ppm,77.5 %H,21.2 μg/m³,20.7 μg/m³,24.1 °C,0.593 ppm
2024-03-13 00:00:00,639 ppm,77.5 %H,21 μg/m³,21 μg/m³,24.2 °C,0.535 ppm
2024-03-13 01:00:00,616 ppm,77.5 %H,21.5 μg/m³,20.7 μg/m³,24.2 °C,0.490 ppm
2024-03-13 02:00:00,595 ppm,77.5 %H,21.7 μg/m³,20.7 μg/m³,24.3 °C,0.545 ppm
2024-03-13 03:00:00,570 ppm,77.5 %H,21 μg/m³,19.8 μg/m³,24.3 °C,0.455 ppm
2024-03-13 04:00:00,551 ppm,77.5 %H,22.5 μg/m³,22 μg/m³,24.3 °C,0.460 ppm
2024-03-13 05:00:00,539 ppm,77.5 %H,18.8 μg/m³,18 μg/m³,24.3 °C,0.497 ppm
2024-03-13 06:00:00,527 ppm,77.5 %H,18.7 μg/m³,18.3 μg/m³,24.4 °C,0.448 ppm
2024-03-13 07:00:00,514 ppm,77.7 %H,20.3 μg/m³,19.5 μg/m³,24.4 °C,0.413 ppm
2024-03-13 08:00:00,503 ppm,77.2 %H,19.3 μg/m³,18 μg/m³,23.6 °C,0.490 ppm
2024-03-13 09:00:00,489 ppm,78.4 %H,21.7 μg/m³,21 μg/m³,23.3 °C,0.387 ppm
2024-03-13 10:00:00,511 ppm,78.5 %H,21.7 μg/m³,20.8 μg/m³,23.2 °C,0.440 ppm
2024-03-13 11:00:00,561 ppm,78.1 %H,21 μg/m³,19.8 μg/m³,23.1 °C,0.487 ppm
2024-03-13 12:00:00,597 ppm,78.3 %H,22.8 μg/m³,21 μg/m³,23.2 °C,0.508 ppm
2024-03-13 13:00:00,614 ppm,78.5 %H,22.8 μg/m³,21.8 μg/m³,23.3 °C,0.507 ppm
2024-03-13 14:00:00,627 ppm,77.5 %H,20.8 μg/m³,20 μg/m³,23.2 °C,0.417 ppm
2024-03-13 15:00:00,660 ppm,77.2 %H,20.3 μg/m³,19.5 μg/m³,23.1 °C,0.390 ppm
2024-03-13 16:00:00,683 ppm,76.9 %H,18.7 μg/m³,17.8 μg/m³,23.1 °C,0.507 ppm
2024-03-13 17:00:00,705 ppm,77.1 %H,19.5 μg/m³,18.5 μg/m³,23.2 °C,0.380 ppm
2024-03-13 18:00:00,707 ppm,77.7 %H,16.2 μg/m³,15.3 μg/m³,23.3 °C,0.497 ppm
2024-03-13 19:00:00,657 ppm,78 %H,20.2 μg/m³,19.5 μg/m³,23.2 °C,0.423 ppm
2024-03-13 20:00:00,618 ppm,78.4 %H,23.2 μg/m³,22 μg/m³,23.5 °C,0.375 ppm
2024-03-13 21:00:00,602 ppm,78 %H,22.5 μg/m³,21.8 μg/m³,23.8 °C,0.372 ppm
2024-03-13 22:00:00,591 ppm,78 %H,17 μg/m³,17 μg/m³,23.9 °C,0.250 ppm
2024-03-13 23:00:00,572 ppm,77.5 %H,21.3 μg/m³,21 μg/m³,24.1 °C,0.382 ppm
2024-03-14 00:00:00,561 ppm,77.5 %H,20 μg/m³,19.2 μg/m³,24.1 °C,0.377 ppm
2024-03-14 01:00:00,545 ppm,77.5 %H,20.8 μg/m³,20 μg/m³,24.2 °C,0.395 ppm
2024-03-14 02:00:00,531 ppm,77.5 %H,21.7 μg/m³,20.8 μg/m³,24.2 °C,0.400 ppm
2024-03-14 03:00:00,522 ppm,77.5 %H,20.8 μg/m³,20.5 μg/m³,24.3 °C,0.390 ppm
2024-03-14 04:00:00,512 ppm,77.5 %H,18.8 μg/m³,18.5 μg/m³,24.3 °C,0.420 ppm
2024-03-14 05:00:00,498 ppm,77.5 %H,18.8 μg/m³,18.5 μg/m³,24.3 °C,0.347 ppm
2024-03-14 06:00:00,491 ppm,77.5 %H,19.5 μg/m³,19.5 μg/m³,24.4 °C,0.372 ppm
2024-03-14 07:00:00,483 ppm,77.7 %H,20.3 μg/m³,19.5 μg/m³,24.4 °C,0.347 ppm
2024-03-14 08:00:00,474 ppm,77 %H,19.7 μg/m³,18.8 μg/m³,23.6 °C,0.385 ppm
2024-03-14 09:00:00,460 ppm,78.5 %H,17.2 μg/m³,16.8 μg/m³,23.3 °C,0.325 ppm
2024-03-14 10:00:00,506 ppm,78.6 %H,17.7 μg/m³,17.3 μg/m³,23.4 °C,0.417 ppm
2024-03-14 11:00:00,666 ppm,77.4 %H,16 μg/m³,15.3 μg/m³,23.5 °C,0.513 ppm
2024-03-14 12:00:00,779 ppm,77.5 %H,16.8 μg/m³,16.3 μg/m³,23.4 °C,0.493 ppm
2024-03-14 13:00:00,789 ppm,77.4 %H,16.7 μg/m³,16 μg/m³,23.3 °C,0.442 ppm
2024-03-14 14:00:00,747 ppm,77.5 %H,15.3 μg/m³,15.2 μg/m³,23.2 °C,0.435 ppm
2024-03-14 15:00:00,682 ppm,77.8 %H,16.7 μg/m³,15.5 μg/m³,23.2 °C,0.358 ppm
2024-03-14 16:00:00,630 ppm,77.6 %H,17.2 μg/m³,17 μg/m³,23.2 °C,0.350 ppm
2024-03-14 17:00:00,598 ppm,78 %H,18.8 μg/m³,18.5 μg/m³,23.2 °C,0.387 ppm
2024-03-14 18:00:00,579 ppm,78.5 %H,18.3 μg/m³,17.8 μg/m³,23.1 °C,0.385 ppm
2024-03-14 19:00:00,567 ppm,79.1 %H,17.7 μg/m³,17.3 μg/m³,23.2 °C,0.405 ppm
2024-03-14 20:00:00,550 ppm,78.1 %H,21.2 μg/m³,20 μg/m³,23.4 °C,0.378 ppm
2024-03-14 21:00:00,543 ppm,78 %H,18.2 μg/m³,17.3 μg/m³,23.8 °C,0.430 ppm
2024-03-14 22:00:00,538 ppm,78 %H,19 μg/m³,18.2 μg/m³,23.9 °C,0.462 ppm
2024-03-14 23:00:00,540 ppm,78 %H,17.7 μg/m³,16.8 μg/m³,24 °C,0.515 ppm
2024-03-15 00:00:00,533 ppm,78 %H,20.7 μg/m³,19.2 μg/m³,24.1 °C,0.497 ppm
2024-03-15 01:00:00,527 ppm,78 %H,19 μg/m³,18 μg/m³,24.1 °C,0.608 ppm
2024-03-15 02:00:00,522 ppm,78 %H,19.7 μg/m³,18.2 μg/m³,24.2 °C,0.485 ppm
2024-03-15 03:00:00,513 ppm,78 %H,18.3 μg/m³,17.5 μg/m³,24.2 °C,0.487 ppm
2024-03-15 04:00:00,505 ppm,78 %H,17.7 μg/m³,16.5 μg/m³,24.3 °C,0.500 ppm
2024-03-15 05:00:00,503 ppm,78 %H,19.3 μg/m³,19 μg/m³,24.3 °C,0.513 ppm
2024-03-15 06:00:00,495 ppm,78 %H,18.3 μg/m³,17.8 μg/m³,24.3 °C,0.468 ppm
2024-03-15 07:00:00,486 ppm,78 %H,18.2 μg/m³,17.8 μg/m³,24.3 °C,0.530 ppm
2024-03-15 08:00:00,488 ppm,77.7 %H,20 μg/m³,19.3 μg/m³,23.6 °C,0.502 ppm
2024-03-15 09:00:00,480 ppm,79.1 %H,19 μg/m³,18 μg/m³,23.3 °C,0.438 ppm
2024-03-15 10:00:00,476 ppm,79.3 %H,17.5 μg/m³,17.2 μg/m³,23.2 °C,0.425 ppm
2024-03-15 11:00:00,483 ppm,79.2 %H,18.8 μg/m³,17.3 μg/m³,23.3 °C,0.443 ppm
2024-03-15 12:00:00,493 ppm,79.1 %H,20 μg/m³,18.5 μg/m³,23.3 °C,0.478 ppm
2024-03-15 13:00:00,501 ppm,78.8 %H,18.7 μg/m³,18 μg/m³,23.3 °C,0.500 ppm
2024-03-15 14:00:00,508 ppm,78.6 %H,20.2 μg/m³,19.2 μg/m³,23.3 °C,0.475 ppm
2024-03-15 15:00:00,528 ppm,78.6 %H,19.2 μg/m³,18.5 μg/m³,23.3 °C,0.500 ppm
2024-03-15 16:00:00,542 ppm,78.8 %H,18.8 μg/m³,18.3 μg/m³,23.3 °C,0.500 ppm
2024-03-15 17:00:00,551 ppm,78.8 %H,18.8 μg/m³,17.7 μg/m³,23.2 °C,0.475 ppm
2024-03-15 18:00:00,553 ppm,79.1 %H,19.7 μg/m³,19.3 μg/m³,23.1 °C,0.475 ppm
2024-03-15 19:00:00,559 ppm,79.2 %H,18.3 μg/m³,18 μg/m³,23 °C,0.590 ppm
2024-03-15 20:00:00,564 ppm,79.3 %H,18.8 μg/m³,17.7 μg/m³,23.3 °C,0.597 ppm
2024-03-15 21:00:00,569 ppm,78.8 %H,17.5 μg/m³,16.2 μg/m³,23.6 °C,0.613 ppm
2024-03-15 22:00:00,566 ppm,78.5 %H,17.8 μg/m³,17.5 μg/m³,23.8 °C,0.662 ppm
2024-03-15 23:00:00,569 ppm,78.5 %H,17 μg/m³,17 μg/m³,23.9 °C,0.660 ppm
2024-03-16 00:00:00,554 ppm,78 %H,17 μg/m³,16.3 μg/m³,24 °C,0.545 ppm
2024-03-16 01:00:00,545 ppm,78 %H,17.7 μg/m³,17.2 μg/m³,24.0 °C,0.475 ppm
2024-03-16 02:00:00,531 ppm,78 %H,15.7 μg/m³,15.5 μg/m³,24.1 °C,0.477 ppm
2024-03-16 03:00:00,521 ppm,77.8 %H,15.5 μg/m³,14.8 μg/m³,24.1 °C,0.475 ppm
2024-03-16 04:00:00,513 ppm,77.5 %H,17.5 μg/m³,16.3 μg/m³,24.1 °C,0.417 ppm
2024-03-16 05:00:00,504 ppm,77.5 %H,15.7 μg/m³,15.3 μg/m³,24.2 °C,0.392 ppm
2024-03-16 06:00:00,499 ppm,77.5 %H,17.2 μg/m³,16.3 μg/m³,24.2 °C,0.345 ppm
2024-03-16 07:00:00,492 ppm,77.5 %H,17.3 μg/m³,16.5 μg/m³,24.2 °C,0.325 ppm
2024-03-16 08:00:00,486 ppm,77.5 %H,16 μg/m³,15.7 μg/m³,23.6 °C,0.430 ppm
2024-03-16 09:00:00,462 ppm,78.3 %H,16.3 μg/m³,15.2 μg/m³,23.3 °C,0.338 ppm
2024-03-16 10:00:00,437 ppm,78.7 %H,14.8 μg/m³,14.3 μg/m³,23.2 °C,0.330 ppm
2024-03-16 11:00:00,431 ppm,78.8 %H,15.8 μg/m³,15.5 μg/m³,23.1 °C,0.497 ppm
2024-03-16 12:00:00,431 ppm,79.2 %H,16.3 μg/m³,15.8 μg/m³,23.2 °C,0.452 ppm
2024-03-16 13:00:00,437 ppm,78.8 %H,16.2 μg/m³,15.8 μg/m³,23.3 °C,0.420 ppm
2024-03-16 14:00:00,439 ppm,78.3 %H,18.5 μg/m³,16.8 μg/m³,23.2 °C,0.365 ppm
2024-03-16 15:00:00,445 ppm,78.2 %H,19.7 μg/m³,19.2 μg/m³,23.2 °C,0.418 ppm
2024-03-16 16:00:00,454 ppm,78 %H,18.3 μg/m³,17.7 μg/m³,23.2 °C,0.355 ppm
2024-03-16 17:00:00,459 ppm,77.9 %H,18.5 μg/m³,17.8 μg/m³,23.2 °C,0.492 ppm
2024-03-16 18:00:00,458 ppm,78.7 %H,16.8 μg/m³,16.2 μg/m³,23.1 °C,0.413 ppm
2024-03-16 19:00:00,455 ppm,79.3 %H,19.3 μg/m³,18.3 μg/m³,23.1 °C,0.355 ppm
2024-03-16 20:00:00,456 ppm,79.3 %H,18.8 μg/m³,18.2 μg/m³,23.6 °C,0.343 ppm
2024-03-16 21:00:00,453 ppm,79 %H,18.7 μg/m³,17.3 μg/m³,23.8 °C,0.408 ppm
2024-03-16 22:00:00,459 ppm,78.5 %H,17.7 μg/m³,16.8 μg/m³,23.9 °C,0.492 ppm
2024-03-16 23:00:00,451 ppm,78.5 %H,19.5 μg/m³,18.7 μg/m³,24.0 °C,0.470 ppm
2024-03-17 00:00:00,446 ppm,78.5 %H,20.2 μg/m³,19.5 μg/m³,24.1 °C,0.453 ppm
2024-03-17 01:00:00,441 ppm,78.5 %H,22.3 μg/m³,19.8 μg/m³,24.2 °C,0.475 ppm
2024-03-17 02:00:00,438 ppm,78.5 %H,22.5 μg/m³,20.5 μg/m³,24.2 °C,0.455 ppm
2024-03-17 03:00:00,431 ppm,78.5 %H,22.5 μg/m³,22.2 μg/m³,24.2 °C,0.470 ppm
2024-03-17 04:00:00,425 ppm,78.5 %H,23 μg/m³,21.7 μg/m³,24.3 °C,0.490 ppm
2024-03-17 05:00:00,415 ppm,78.5 %H,22.7 μg/m³,22 μg/m³,24.3 °C,0.443 ppm
2024-03-17 06:00:00,416 ppm,78.5 %H,24 μg/m³,22.3 μg/m³,24.3 °C,0.505 ppm
2024-03-17 07:00:00,410 ppm,78.5 %H,21.5 μg/m³,21.3 μg/m³,24.3 °C,0.502 ppm
2024-03-17 08:00:00,415 ppm,78.5 %H,23.3 μg/m³,22.2 μg/m³,24.3 °C,0.447 ppm
2024-03-17 09:00:00,417 ppm,78.5 %H,24.7 μg/m³,23.5 μg/m³,24.4 °C,0.423 ppm
2024-03-17 10:00:00,415 ppm,78.5 %H,27.2 μg/m³,26.7 μg/m³,24.5 °C,0.377 ppm
2024-03-17 11:00:00,422 ppm,78.5 %H,22.8 μg/m³,22.7 μg/m³,24.6 °C,0.418 ppm
2024-03-17 12:00:00,429 ppm,78.1 %H,21.7 μg/m³,21.2 μg/m³,24.7 °C,0.393 ppm
2024-03-17 13:00:00,430 ppm,78 %H,23 μg/m³,22.7 μg/m³,24.9 °C,0.413 ppm
2024-03-17 14:00:00,432 ppm,78 %H,20.8 μg/m³,20.5 μg/m³,25.0 °C,0.418 ppm
2024-03-17 15:00:00,440 ppm,78 %H,20 μg/m³,19.8 μg/m³,25.1 °C,0.440 ppm
2024-03-17 16:00:00,444 ppm,77.7 %H,19.5 μg/m³,19.3 μg/m³,25.3 °C,0.432 ppm
2024-03-17 17:00:00,441 ppm,77.5 %H,19.2 μg/m³,19 μg/m³,25.3 °C,0.443 ppm
2024-03-17 18:00:00,435 ppm,77.5 %H,19 μg/m³,18.7 μg/m³,25.4 °C,0.468 ppm
2024-03-17 19:00:00,433 ppm,77.5 %H,19.5 μg/m³,18.8 μg/m³,25.3 °C,0.437 ppm
2024-03-17 20:00:00,429 ppm,77.5 %H,18.8 μg/m³,18.2 μg/m³,25.3 °C,0.442 ppm
2024-03-17 21:00:00,431 ppm,77.9 %H,18.2 μg/m³,17.7 μg/m³,25.2 °C,0.400 ppm
2024-03-17 22:00:00,429 ppm,78 %H,20 μg/m³,19 μg/m³,25.2 °C,0.410 ppm
2024-03-17 23:00:00,427 ppm,78 %H,18.7 μg/m³,18.3 μg/m³,25.2 °C,0.440 ppm
2024-03-18 00:00:00,425 ppm,78 %H,20 μg/m³,19 μg/m³,25.2 °C,0.407 ppm
2024-03-18 01:00:00,420 ppm,78 %H,17.7 μg/m³,16.8 μg/m³,25.2 °C,0.430 ppm
2024-03-18 02:00:00,417 ppm,78 %H,18.3 μg/m³,17.5 μg/m³,25.2 °C,0.440 ppm
2024-03-18 03:00:00,416 ppm,78.3 %H,18.2 μg/m³,17.8 μg/m³,25.1 °C,0.452 ppm
2024-03-18 04:00:00,422 ppm,78.5 %H,17.3 μg/m³,17 μg/m³,25.1 °C,0.417 ppm
2024-03-18 05:00:00,417 ppm,78.5 %H,18.8 μg/m³,18.2 μg/m³,25.1 °C,0.385 ppm
2024-03-18 06:00:00,410 ppm,78.5 %H,18.7 μg/m³,16.5 μg/m³,25.1 °C,0.388 ppm
2024-03-18 07:00:00,425 ppm,78.5 %H,17.3 μg/m³,16.8 μg/m³,25.1 °C,0.385 ppm
2024-03-18 08:00:00,466 ppm,74.3 %H,15.5 μg/m³,14.7 μg/m³,23.9 °C,0.577 ppm
2024-03-18 09:00:00,531 ppm,75.6 %H,15.8 μg/m³,15.3 μg/m³,23.5 °C,0.408 ppm
2024-03-18 10:00:00,594 ppm,76.6 %H,14.2 μg/m³,13.2 μg/m³,23.4 °C,0.405 ppm
2024-03-18 11:00:00,663 ppm,76.2 %H,13.2 μg/m³,12.7 μg/m³,23.3 °C,0.373 ppm
2024-03-18 12:00:00,753 ppm,76.4 %H,14.5 μg/m³,14.2 μg/m³,23.5 °C,0.395 ppm
2024-03-18 13:00:00,759 ppm,76.2 %H,11.8 μg/m³,11.7 μg/m³,23.3 °C,0.382 ppm
2024-03-18 14:00:00,755 ppm,75.8 %H,11.3 μg/m³,10.8 μg/m³,23.3 °C,0.443 ppm
2024-03-18 15:00:00,734 ppm,76.2 %H,10.3 μg/m³,9.83 μg/m³,23.4 °C,0.450 ppm
2024-03-18 16:00:00,751 ppm,75.5 %H,10.3 μg/m³,9.83 μg/m³,23.3 °C,0.442 ppm
2024-03-18 17:00:00,765 ppm,75.5 %H,10.3 μg/m³,10 μg/m³,23.3 °C,0.455 ppm
2024-03-18 18:00:00,770 ppm,75.8 %H,9.83 μg/m³,9.50 μg/m³,23.3 °C,0.495 ppm
2024-03-18 19:00:00,758 ppm,76.4 %H,9.33 μg/m³,8.83 μg/m³,23.2 °C,0.563 ppm
2024-03-18 20:00:00,704 ppm,76.3 %H,10.7 μg/m³,10.5 μg/m³,23.6 °C,0.425 ppm
2024-03-18 21:00:00,674 ppm,76 %H,12 μg/m³,11.5 μg/m³,24 °C,0.382 ppm
2024-03-18 22:00:00,649 ppm,76.1 %H,11.5 μg/m³,10.8 μg/m³,24.2 °C,0.380 ppm
2024-03-18 23:00:00,631 ppm,76.5 %H,11.3 μg/m³,11.3 μg/m³,24.3 °C,0.422 ppm
2024-03-19 00:00:00,616 ppm,76.5 %H,11 μg/m³,10.5 μg/m³,24.4 °C,0.417 ppm
2024-03-19 01:00:00,593 ppm,76.5 %H,10.5 μg/m³,9.83 μg/m³,24.5 °C,0.477 ppm
2024-03-19 02:00:00,578 ppm,76.5 %H,11.3 μg/m³,10.7 μg/m³,24.6 °C,0.435 ppm
2024-03-19 03:00:00,564 ppm,76.8 %H,11.7 μg/m³,11.3 μg/m³,24.6 °C,0.473 ppm
2024-03-19 04:00:00,548 ppm,77 %H,11.2 μg/m³,10 μg/m³,24.6 °C,0.450 ppm
2024-03-19 05:00:00,531 ppm,77 %H,10.8 μg/m³,10.8 μg/m³,24.7 °C,0.385 ppm
2024-03-19 06:00:00,523 ppm,77 %H,10.8 μg/m³,10.8 μg/m³,24.7 °C,0.378 ppm
2024-03-19 07:00:00,526 ppm,77.2 %H,12.2 μg/m³,11.8 μg/m³,24.8 °C,0.535 ppm
2024-03-19 08:00:00,525 ppm,74.8 %H,11.7 μg/m³,11.2 μg/m³,23.7 °C,0.757 ppm
2024-03-19 09:00:00,499 ppm,76.5 %H,11.8 μg/m³,11.8 μg/m³,23.3 °C,0.475 ppm
2024-03-19 10:00:00,547 ppm,76.8 %H,13.5 μg/m³,12.3 μg/m³,23.2 °C,0.400 ppm
2024-03-19 11:00:00,642 ppm,76 %H,12.3 μg/m³,11.8 μg/m³,23.1 °C,0.458 ppm
2024-03-19 12:00:00,722 ppm,76.3 %H,12.2 μg/m³,11.7 μg/m³,23.2 °C,0.400 ppm
2024-03-19 13:00:00,744 ppm,76.8 %H,10.8 μg/m³,10.7 μg/m³,23.3 °C,0.490 ppm
2024-03-19 14:00:00,726 ppm,76.6 %H,10.5 μg/m³,10 μg/m³,23.2 °C,0.443 ppm
2024-03-19 15:00:00,712 ppm,77.3 %H,10.2 μg/m³,9.83 μg/m³,23.3 °C,0.458 ppm
2024-03-19 16:00:00,746 ppm,77.4 %H,10.2 μg/m³,10 μg/m³,23.2 °C,0.567 ppm
2024-03-19 17:00:00,766 ppm,77.8 %H,10.7 μg/m³,10.2 μg/m³,23.2 °C,0.562 ppm
2024-03-19 18:00:00,784 ppm,78 %H,10.5 μg/m³,10.3 μg/m³,23.3 °C,0.610 ppm
2024-03-19 19:00:00,759 ppm,78.3 %H,10.3 μg/m³,10.3 μg/m³,23.2 °C,0.640 ppm
2024-03-19 20:00:00,717 ppm,77.8 %H,11.7 μg/m³,11.2 μg/m³,23.4 °C,0.545 ppm
2024-03-19 21:00:00,705 ppm,77.5 %H,11.7 μg/m³,11.2 μg/m³,23.8 °C,0.615 ppm
2024-03-19 22:00:00,692 ppm,77.5 %H,13.3 μg/m³,11.3 μg/m³,24.0 °C,0.613 ppm
2024-03-19 23:00:00,673 ppm,77.5 %H,12.5 μg/m³,12.3 μg/m³,24.1 °C,0.633 ppm
2024-03-20 00:00:00,657 ppm,77.5 %H,13.2 μg/m³,11.8 μg/m³,24.2 °C,0.638 ppm
2024-03-20 01:00:00,640 ppm,77.5 %H,14.3 μg/m³,13.5 μg/m³,24.3 °C,0.642 ppm
2024-03-20 02:00:00,623 ppm,77.5 %H,13.7 μg/m³,12 μg/m³,24.3 °C,0.608 ppm
2024-03-20 03:00:00,606 ppm,77.5 %H,13 μg/m³,12.8 μg/m³,24.4 °C,0.563 ppm
2024-03-20 04:00:00,593 ppm,77.5 %H,14.3 μg/m³,13.5 μg/m³,24.4 °C,0.578 ppm
2024-03-20 05:00:00,576 ppm,77.5 %H,13.8 μg/m³,13.2 μg/m³,24.4 °C,0.507 ppm
2024-03-20 06:00:00,563 ppm,77.5 %H,12.8 μg/m³,12.5 μg/m³,24.5 °C,0.512 ppm
2024-03-20 07:00:00,563 ppm,77.5 %H,16.3 μg/m³,15.8 μg/m³,24.5 °C,0.677 ppm
2024-03-20 08:00:00,619 ppm,75.8 %H,15.2 μg/m³,14.5 μg/m³,23.7 °C,1.02 ppm
2024-03-20 09:00:00,641 ppm,77.2 %H,15.7 μg/m³,15.3 μg/m³,23.3 °C,0.630 ppm
2024-03-20 10:00:00,687 ppm,77.3 %H,18.8 μg/m³,17 μg/m³,23.4 °C,0.448 ppm
2024-03-20 11:00:00,842 ppm,76.7 %H,18.2 μg/m³,17 μg/m³,23.3 °C,0.468 ppm
2024-03-20 12:00:00,1002 ppm,76.5 %H,15.8 μg/m³,15 μg/m³,23.3 °C,0.377 ppm
2024-03-20 13:00:00,1032 ppm,76.2 %H,16 μg/m³,15.5 μg/m³,23.2 °C,0.375 ppm
2024-03-20 14:00:00,943 ppm,76.3 %H,18.5 μg/m³,17.8 μg/m³,23.2 °C,0.338 ppm
2024-03-20 15:00:00,993 ppm,75.8 %H,18.3 μg/m³,18 μg/m³,23.2 °C,0.407 ppm
2024-03-20 16:00:00,1075 ppm,76.3 %H,19.7 μg/m³,18.3 μg/m³,23.2 °C,0.477 ppm
2024-03-20 17:00:00,1022 ppm,76.3 %H,21.8 μg/m³,19.8 μg/m³,23.2 °C,0.448 ppm
2024-03-20 18:00:00,987 ppm,76.5 %H,24.5 μg/m³,23 μg/m³,23.2 °C,0.530 ppm
2024-03-20 19:00:00,865 ppm,77.7 %H,24.5 μg/m³,24.2 μg/m³,23.1 °C,0.593 ppm
2024-03-20 20:00:00,791 ppm,78 %H,27.7 μg/m³,26.2 μg/m³,23.5 °C,0.297 ppm
2024-03-20 21:00:00,748 ppm,77.6 %H,29.8 μg/m³,28.2 μg/m³,23.8 °C,0.330 ppm
2024-03-20 22:00:00,719 ppm,77.5 %H,27.5 μg/m³,25.8 μg/m³,24.0 °C,0.330 ppm
2024-03-20 23:00:00,692 ppm,77.5 %H,30.5 μg/m³,28.7 μg/m³,24.1 °C,0.328 ppm
2024-03-21 00:00:00,666 ppm,77.5 %H,27.3 μg/m³,26.8 μg/m³,24.2 °C,0.313 ppm
2024-03-21 01:00:00,641 ppm,77.5 %H,29.2 μg/m³,27.8 μg/m³,24.3 °C,0.382 ppm
2024-03-21 02:00:00,628 ppm,77.5 %H,27.7 μg/m³,26.7 μg/m³,24.3 °C,0.360 ppm
2024-03-21 03:00:00,603 ppm,77.5 %H,29.5 μg/m³,27.7 μg/m³,24.3 °C,0.328 ppm
2024-03-21 04:00:00,587 ppm,77.5 %H,24.7 μg/m³,24.3 μg/m³,24.4 °C,0.348 ppm
2024-03-21 05:00:00,572 ppm,77.5 %H,25.8 μg/m³,24.8 μg/m³,24.4 °C,0.438 ppm
2024-03-21 06:00:00,557 ppm,77.5 %H,25.8 μg/m³,24.8 μg/m³,24.5 °C,0.397 ppm
2024-03-21 07:00:00,554 ppm,77.5 %H,25.5 μg/m³,25.2 μg/m³,24.5 °C,0.438 ppm
2024-03-21 08:00:00,608 ppm,76.4 %H,22.8 μg/m³,21.8 μg/m³,23.8 °C,0.617 ppm
2024-03-21 09:00:00,628 ppm,77.7 %H,20.2 μg/m³,19.7 μg/m³,23.4 °C,0.447 ppm
2024-03-21 10:00:00,674 ppm,77.6 %H,20.8 μg/m³,19.8 μg/m³,23.3 °C,0.383 ppm
2024-03-21 11:00:00,862 ppm,76.1 %H,17.2 μg/m³,17.2 μg/m³,23.4 °C,0.558 ppm
2024-03-21 12:00:00,1047 ppm,73.8 %H,15.7 μg/m³,15 μg/m³,23.7 °C,0.598 ppm
2024-03-21 13:00:00,1063 ppm,74.9 %H,16.8 μg/m³,16.5 μg/m³,23.5 °C,0.520 ppm
2024-03-21 14:00:00,954 ppm,76 %H,17.7 μg/m³,16.8 μg/m³,23.2 °C,0.345 ppm
2024-03-21 15:00:00,1052 ppm,76.5 %H,17.3 μg/m³,17 μg/m³,23.3 °C,0.580 ppm
2024-03-21 16:00:00,1123 ppm,77.1 %H,20 μg/m³,19.3 μg/m³,23.3 °C,0.678 ppm
2024-03-21 17:00:00,1038 ppm,77.5 %H,23 μg/m³,21.8 μg/m³,23.3 °C,0.638 ppm
2024-03-21 18:00:00,963 ppm,77.8 %H,19.7 μg/m³,18.3 μg/m³,23.2 °C,0.555 ppm
2024-03-21 19:00:00,863 ppm,78.3 %H,22 μg/m³,20.3 μg/m³,23.3 °C,0.353 ppm
2024-03-21 20:00:00,788 ppm,77.9 %H,25.5 μg/m³,23.8 μg/m³,23.5 °C,0.283 ppm
2024-03-21 21:00:00,759 ppm,77.5 %H,24.5 μg/m³,24 μg/m³,23.8 °C,0.415 ppm
2024-03-21 22:00:00,733 ppm,77.5 %H,25 μg/m³,23.8 μg/m³,24.0 °C,0.395 ppm
2024-03-21 23:00:00,716 ppm,77.5 %H,24.8 μg/m³,23.8 μg/m³,24.1 °C,0.392 ppm
2024-03-22 00:00:00,691 ppm,77.5 %H,26 μg/m³,25.2 μg/m³,24.1 °C,0.437 ppm
2024-03-22 01:00:00,672 ppm,77.5 %H,26 μg/m³,24.8 μg/m³,24.2 °C,0.403 ppm
2024-03-22 02:00:00,650 ppm,77.5 %H,26.2 μg/m³,25.5 μg/m³,24.3 °C,0.420 ppm
2024-03-22 03:00:00,630 ppm,77.5 %H,27.7 μg/m³,25.7 μg/m³,24.3 °C,0.353 ppm
2024-03-22 04:00:00,614 ppm,77.5 %H,26.2 μg/m³,24.8 μg/m³,24.3 °C,0.388 ppm
2024-03-22 05:00:00,598 ppm,77.5 %H,26.3 μg/m³,25.5 μg/m³,24.4 °C,0.385 ppm
2024-03-22 06:00:00,585 ppm,77.5 %H,25.2 μg/m³,24.3 μg/m³,24.4 °C,0.365 ppm
2024-03-22 07:00:00,571 ppm,77.5 %H,26 μg/m³,25.7 μg/m³,24.4 °C,0.368 ppm
2024-03-22 08:00:00,557 ppm,76.8 %H,25.2 μg/m³,24.5 μg/m³,23.5 °C,0.403 ppm
2024-03-22 09:00:00,648 ppm,77.2 %H,24.3 μg/m³,23.7 μg/m³,23.4 °C,0.467 ppm
2024-03-22 10:00:00,753 ppm,77.3 %H,22.3 μg/m³,22 μg/m³,23.4 °C,0.628 ppm
2024-03-22 11:00:00,825 ppm,77.8 %H,22.2 μg/m³,21.3 μg/m³,23.3 °C,0.547 ppm
2024-03-22 12:00:00,861 ppm,77.7 %H,20.3 μg/m³,19 μg/m³,23.3 °C,0.457 ppm
2024-03-22 13:00:00,771 ppm,77.5 %H,21.8 μg/m³,20.7 μg/m³,23.2 °C,0.302 ppm
2024-03-22 14:00:00,705 ppm,77.4 %H,20.5 μg/m³,19.8 μg/m³,23.2 °C,0.318 ppm
2024-03-22 15:00:00,659 ppm,77.5 %H,21.2 μg/m³,20 μg/m³,23.2 °C,0.345 ppm
2024-03-22 16:00:00,634 ppm,77.6 %H,19.8 μg/m³,18.8 μg/m³,23.2 °C,0.430 ppm
2024-03-22 17:00:00,621 ppm,78.2 %H,19.5 μg/m³,17.7 μg/m³,23.1 °C,0.395 ppm
2024-03-22 18:00:00,602 ppm,78.3 %H,19.8 μg/m³,19 μg/m³,23.2 °C,0.367 ppm
2024-03-22 19:00:00,582 ppm,78.5 %H,18 μg/m³,17.2 μg/m³,23.2 °C,0.480 ppm
2024-03-22 20:00:00,569 ppm,78.2 %H,19.3 μg/m³,17.8 μg/m³,23.5 °C,0.665 ppm
2024-03-22 21:00:00,564 ppm,77.7 %H,19.2 μg/m³,19 μg/m³,23.8 °C,0.822 ppm
2024-03-22 22:00:00,557 ppm,77.5 %H,19.7 μg/m³,18.5 μg/m³,24.0 °C,0.998 ppm
2024-03-22 23:00:00,549 ppm,77 %H,20.3 μg/m³,19 μg/m³,24.1 °C,1.06 ppm
2024-03-23 00:00:00,543 ppm,77 %H,17.7 μg/m³,17.3 μg/m³,24.1 °C,1.07 ppm
2024-03-23 01:00:00,535 ppm,76.8 %H,19 μg/m³,18.8 μg/m³,24.2 °C,1.06 ppm
2024-03-23 02:00:00,524 ppm,76.5 %H,20 μg/m³,18.3 μg/m³,24.2 °C,1.00 ppm
2024-03-23 03:00:00,518 ppm,76.5 %H,18.8 μg/m³,18.7 μg/m³,24.3 °C,0.985 ppm
2024-03-23 04:00:00,511 ppm,76.5 %H,17.2 μg/m³,17.2 μg/m³,24.3 °C,0.920 ppm
2024-03-23 05:00:00,498 ppm,76.5 %H,19.8 μg/m³,18.8 μg/m³,24.3 °C,0.775 ppm
2024-03-23 06:00:00,487 ppm,76.5 %H,19.3 μg/m³,18.8 μg/m³,24.4 °C,0.692 ppm
2024-03-23 07:00:00,487 ppm,76.5 %H,19.2 μg/m³,18.5 μg/m³,24.4 °C,0.682 ppm
2024-03-23 08:00:00,481 ppm,75.3 %H,18 μg/m³,17.7 μg/m³,23.5 °C,0.677 ppm
2024-03-23 09:00:00,474 ppm,77.1 %H,18.7 μg/m³,18.3 μg/m³,23.2 °C,0.412 ppm
2024-03-23 10:00:00,461 ppm,77.7 %H,19.5 μg/m³,19.2 μg/m³,23.2 °C,0.273 ppm
2024-03-23 11:00:00,460 ppm,77.9 %H,19.2 μg/m³,18.7 μg/m³,23.3 °C,0.340 ppm
2024-03-23 12:00:00,466 ppm,77.8 %H,21.3 μg/m³,20.3 μg/m³,23.2 °C,0.330 ppm
2024-03-23 13:00:00,473 ppm,77.8 %H,21 μg/m³,20.3 μg/m³,23.2 °C,0.343 ppm
2024-03-23 14:00:00,475 ppm,77.3 %H,23.3 μg/m³,22.2 μg/m³,23.2 °C,0.333 ppm
2024-03-23 15:00:00,481 ppm,76.8 %H,22.3 μg/m³,21.7 μg/m³,23.2 °C,0.308 ppm
2024-03-23 16:00:00,487 ppm,77.1 %H,23.7 μg/m³,23 μg/m³,23.2 °C,0.387 ppm
2024-03-23 17:00:00,499 ppm,77.2 %H,24.8 μg/m³,22.7 μg/m³,23.1 °C,0.343 ppm
2024-03-23 18:00:00,505 ppm,77.5 %H,28 μg/m³,26 μg/m³,23.1 °C,0.260 ppm
2024-03-23 19:00:00,505 ppm,78.3 %H,26 μg/m³,23.8 μg/m³,23.2 °C,0.397 ppm
2024-03-23 20:00:00,504 ppm,78.3 %H,24.2 μg/m³,23 μg/m³,23.6 °C,0.475 ppm
2024-03-23 21:00:00,509 ppm,77.8 %H,26 μg/m³,24.7 μg/m³,23.9 °C,0.458 ppm
2024-03-23 22:00:00,509 ppm,77.5 %H,26.7 μg/m³,26.3 μg/m³,24.1 °C,0.478 ppm
2024-03-23 23:00:00,505 ppm,77.5 %H,26.3 μg/m³,24.3 μg/m³,24.2 °C,0.457 ppm
2024-03-24 00:00:00,503 ppm,77.2 %H,26.5 μg/m³,24.5 μg/m³,24.3 °C,0.497 ppm
2024-03-24 01:00:00,488 ppm,77 %H,24.7 μg/m³,24.7 μg/m³,24.3 °C,0.467 ppm
2024-03-24 02:00:00,485 ppm,77 %H,25.7 μg/m³,24 μg/m³,24.3 °C,0.543 ppm
2024-03-24 03:00:00,472 ppm,77 %H,23 μg/m³,22.5 μg/m³,24.4 °C,0.523 ppm
2024-03-24 04:00:00,469 ppm,77 %H,23.2 μg/m³,22.2 μg/m³,24.4 °C,0.532 ppm
2024-03-24 05:00:00,459 ppm,77 %H,22.5 μg/m³,22.3 μg/m³,24.4 °C,0.500 ppm
2024-03-24 06:00:00,454 ppm,77 %H,23.2 μg/m³,22 μg/m³,24.5 °C,0.498 ppm
2024-03-24 07:00:00,450 ppm,77 %H,25 μg/m³,24 μg/m³,24.5 °C,0.508 ppm
2024-03-24 08:00:00,445 ppm,77 %H,22.5 μg/m³,22.2 μg/m³,24.5 °C,0.500 ppm
2024-03-24 09:00:00,442 ppm,77 %H,24.3 μg/m³,23 μg/m³,24.6 °C,0.488 ppm
2024-03-24 10:00:00,440 ppm,77 %H,25.2 μg/m³,23.8 μg/m³,24.7 °C,0.437 ppm
2024-03-24 11:00:00,441 ppm,77 %H,26 μg/m³,24.7 μg/m³,24.8 °C,0.510 ppm
2024-03-24 12:00:00,445 ppm,76.8 %H,24.8 μg/m³,24 μg/m³,24.9 °C,0.493 ppm
2024-03-24 13:00:00,460 ppm,76.5 %H,23.5 μg/m³,23.3 μg/m³,25.0 °C,0.423 ppm
2024-03-24 14:00:00,466 ppm,76.5 %H,25 μg/m³,23.3 μg/m³,25.2 °C,0.482 ppm
2024-03-24 15:00:00,470 ppm,76.5 %H,23.3 μg/m³,22.7 μg/m³,25.3 °C,0.507 ppm
2024-03-24 16:00:00,481 ppm,76.5 %H,25 μg/m³,24 μg/m³,25.5 °C,0.477 ppm
2024-03-24 17:00:00,497 ppm,76.5 %H,23 μg/m³,22.8 μg/m³,25.5 °C,0.485 ppm
2024-03-24 18:00:00,510 ppm,76.5 %H,24.3 μg/m³,23.3 μg/m³,25.5 °C,0.478 ppm
2024-03-24 19:00:00,509 ppm,76.5 %H,22.7 μg/m³,21.5 μg/m³,25.4 °C,0.493 ppm
2024-03-24 20:00:00,516 ppm,76.5 %H,25 μg/m³,23.3 μg/m³,25.4 °C,0.460 ppm
2024-03-24 21:00:00,522 ppm,76.5 %H,24.7 μg/m³,23.3 μg/m³,25.3 °C,0.488 ppm
2024-03-24 22:00:00,520 ppm,76.9 %H,21.7 μg/m³,20.7 μg/m³,25.3 °C,0.458 ppm
2024-03-24 23:00:00,516 ppm,77 %H,22 μg/m³,19.8 μg/m³,25.3 °C,0.408 ppm
2024-03-25 00:00:00,507 ppm,77 %H,21.7 μg/m³,21 μg/m³,25.3 °C,0.410 ppm
2024-03-25 01:00:00,507 ppm,77 %H,20.3 μg/m³,19.5 μg/m³,25.3 °C,0.402 ppm
2024-03-25 02:00:00,493 ppm,77 %H,19.7 μg/m³,18.7 μg/m³,25.3 °C,0.417 ppm
2024-03-25 03:00:00,491 ppm,77 %H,20.7 μg/m³,19.7 μg/m³,25.3 °C,0.408 ppm
2024-03-25 04:00:00,487 ppm,77 %H,18.7 μg/m³,18.3 μg/m³,25.3 °C,0.402 ppm
2024-03-25 05:00:00,479 ppm,77 %H,19 μg/m³,18.8 μg/m³,25.3 °C,0.378 ppm
2024-03-25 06:00:00,472 ppm,77 %H,18.5 μg/m³,18 μg/m³,25.3 °C,0.425 ppm
2024-03-25 07:00:00,472 ppm,77 %H,20.7 μg/m³,19.3 μg/m³,25.3 °C,0.395 ppm
2024-03-25 08:00:00,532 ppm,72.7 %H,17.2 μg/m³,16.7 μg/m³,24.0 °C,0.628 ppm
2024-03-25 09:00:00,565 ppm,73.3 %H,17.2 μg/m³,16.5 μg/m³,23.4 °C,0.410 ppm
2024-03-25 10:00:00,645 ppm,74.3 %H,17 μg/m³,16.7 μg/m³,23.4 °C,0.393 ppm
2024-03-25 11:00:00,886 ppm,73.3 %H,18 μg/m³,16.8 μg/m³,23.3 °C,0.485 ppm
2024-03-25 12:00:00,1061 ppm,73.4 %H,17.5 μg/m³,17.5 μg/m³,23.4 °C,0.518 ppm
2024-03-25 13:00:00,1089 ppm,73.1 %H,17.8 μg/m³,17.5 μg/m³,23.2 °C,0.493 ppm
2024-03-25 14:00:00,968 ppm,74.3 %H,17.5 μg/m³,17 μg/m³,23.3 °C,0.358 ppm
2024-03-25 15:00:00,930 ppm,74.7 %H,12.2 μg/m³,10.8 μg/m³,23.3 °C,0.327 ppm
2024-03-25 16:00:00,878 ppm,74.6 %H,14.7 μg/m³,14.5 μg/m³,23.4 °C,0.407 ppm
2024-03-25 17:00:00,814 ppm,74.4 %H,16 μg/m³,13.8 μg/m³,23.3 °C,0.365 ppm
2024-03-25 18:00:00,742 ppm,74.8 %H,14.3 μg/m³,14.3 μg/m³,23.2 °C,0.328 ppm
2024-03-25 19:00:00,690 ppm,76.2 %H,16.7 μg/m³,16 μg/m³,23.0 °C,0.308 ppm
2024-03-25 20:00:00,659 ppm,76.3 %H,16.3 μg/m³,16.3 μg/m³,23.5 °C,0.295 ppm
2024-03-25 21:00:00,652 ppm,76 %H,19.3 μg/m³,18.5 μg/m³,23.9 °C,0.353 ppm
2024-03-25 22:00:00,647 ppm,75.7 %H,18.8 μg/m³,17.8 μg/m³,24.1 °C,0.443 ppm
2024-03-25 23:00:00,641 ppm,75.5 %H,18 μg/m³,17.5 μg/m³,24.2 °C,0.522 ppm
2024-03-26 00:00:00,638 ppm,75.5 %H,18.7 μg/m³,17.2 μg/m³,24.3 °C,0.512 ppm
2024-03-26 01:00:00,634 ppm,75.5 %H,18 μg/m³,16.8 μg/m³,24.4 °C,0.575 ppm
2024-03-26 02:00:00,624 ppm,75.7 %H,18.3 μg/m³,17.5 μg/m³,24.4 °C,0.542 ppm
2024-03-26 03:00:00,608 ppm,76 %H,17.5 μg/m³,16.7 μg/m³,24.5 °C,0.500 ppm
2024-03-26 04:00:00,597 ppm,76 %H,17.7 μg/m³,16.3 μg/m³,24.5 °C,0.510 ppm
2024-03-26 05:00:00,583 ppm,76 %H,18.3 μg/m³,18.2 μg/m³,24.6 °C,0.482 ppm
2024-03-26 06:00:00,574 ppm,76 %H,19.2 μg/m³,18.3 μg/m³,24.6 °C,0.497 ppm
2024-03-26 07:00:00,561 ppm,76.3 %H,18.5 μg/m³,18.5 μg/m³,24.6 °C,0.437 ppm
2024-03-26 08:00:00,548 ppm,75.8 %H,17.8 μg/m³,16.2 μg/m³,23.7 °C,0.558 ppm
2024-03-26 09:00:00,523 ppm,76.9 %H,19 μg/m³,18.3 μg/m³,23.3 °C,0.443 ppm
2024-03-26 10:00:00,509 ppm,77.2 %H,18.8 μg/m³,18.3 μg/m³,23.2 °C,0.362 ppm
2024-03-26 11:00:00,556 ppm,77.6 %H,20.8 μg/m³,19.8 μg/m³,23.3 °C,0.398 ppm
2024-03-26 12:00:00,598 ppm,77 %H,20 μg/m³,19.7 μg/m³,23.3 °C,0.538 ppm
2024-03-26 13:00:00,605 ppm,77.3 %H,17.5 μg/m³,17 μg/m³,23.2 °C,0.407 ppm
2024-03-26 14:00:00,586 ppm,77.5 %H,17.7 μg/m³,17.3 μg/m³,23.2 °C,0.433 ppm
2024-03-26 15:00:00,576 ppm,77.2 %H,16 μg/m³,15.3 μg/m³,23.2 °C,0.412 ppm
2024-03-26 16:00:00,576 ppm,76.8 %H,15.5 μg/m³,15.3 μg/m³,23.2 °C,0.345 ppm
2024-03-26 17:00:00,576 ppm,76.9 %H,16.8 μg/m³,16.2 μg/m³,23.3 °C,0.357 ppm
2024-03-26 18:00:00,579 ppm,76.8 %H,14.7 μg/m³,14.5 μg/m³,23.2 °C,0.453 ppm
2024-03-26 19:00:00,579 ppm,77.8 %H,15.8 μg/m³,15.3 μg/m³,23.1 °C,0.447 ppm
2024-03-26 20:00:00,577 ppm,77.7 %H,16 μg/m³,15.7 μg/m³,23.4 °C,0.393 ppm
2024-03-26 21:00:00,591 ppm,77.2 %H,18 μg/m³,17.8 μg/m³,23.8 °C,0.538 ppm
2024-03-26 22:00:00,605 ppm,77 %H,16.8 μg/m³,16.3 μg/m³,23.9 °C,0.613 ppm
2024-03-26 23:00:00,607 ppm,77 %H,18 μg/m³,17.8 μg/m³,24.1 °C,0.618 ppm
2024-03-27 00:00:00,607 ppm,77 %H,17 μg/m³,16.7 μg/m³,24.1 °C,0.625 ppm
2024-03-27 01:00:00,598 ppm,77.1 %H,17.7 μg/m³,16.5 μg/m³,24.2 °C,0.650 ppm
2024-03-27 02:00:00,582 ppm,77.5 %H,16.7 μg/m³,16.2 μg/m³,24.3 °C,0.583 ppm
2024-03-27 03:00:00,572 ppm,77.5 %H,18.5 μg/m³,17 μg/m³,24.3 °C,0.503 ppm
2024-03-27 04:00:00,562 ppm,77.5 %H,18.3 μg/m³,17.7 μg/m³,24.3 °C,0.463 ppm
2024-03-27 05:00:00,554 ppm,77.5 %H,19.5 μg/m³,17.7 μg/m³,24.3 °C,0.447 ppm
2024-03-27 06:00:00,541 ppm,77.5 %H,19.3 μg/m³,18.5 μg/m³,24.3 °C,0.440 ppm
2024-03-27 07:00:00,548 ppm,77.6 %H,19.7 μg/m³,18.7 μg/m³,24.4 °C,0.413 ppm
2024-03-27 08:00:00,630 ppm,77.3 %H,19.3 μg/m³,19 μg/m³,23.7 °C,0.597 ppm
2024-03-27 09:00:00,655 ppm,77.8 %H,17 μg/m³,16.8 μg/m³,23.3 °C,0.563 ppm
2024-03-27 10:00:00,662 ppm,78.3 %H,16.7 μg/m³,16.3 μg/m³,23.3 °C,0.443 ppm
2024-03-27 11:00:00,721 ppm,78.4 %H,17 μg/m³,16.5 μg/m³,23.3 °C,0.457 ppm
2024-03-27 12:00:00,855 ppm,77.6 %H,16.3 μg/m³,16 μg/m³,23.3 °C,0.675 ppm
2024-03-27 13:00:00,911 ppm,77.5 %H,15.8 μg/m³,15.8 μg/m³,23.2 °C,0.553 ppm
2024-03-27 14:00:00,809 ppm,77.2 %H,15.2 μg/m³,14.8 μg/m³,23.2 °C,0.400 ppm
2024-03-27 15:00:00,745 ppm,77.1 %H,14.5 μg/m³,14.3 μg/m³,23.2 °C,0.428 ppm
2024-03-27 16:00:00,715 ppm,76.4 %H,15 μg/m³,14.3 μg/m³,23.2 °C,0.352 ppm
2024-03-27 17:00:00,791 ppm,76.5 %H,14.8 μg/m³,14.7 μg/m³,23.2 °C,0.443 ppm
2024-03-27 18:00:00,854 ppm,76.6 %H,14.5 μg/m³,13.7 μg/m³,23.1 °C,0.490 ppm
2024-03-27 19:00:00,880 ppm,77.4 %H,16.2 μg/m³,15.5 μg/m³,23.0 °C,0.420 ppm
2024-03-27 20:00:00,810 ppm,78 %H,16.8 μg/m³,16.8 μg/m³,23.4 °C,0.403 ppm
2024-03-27 21:00:00,775 ppm,77.6 %H,18.3 μg/m³,17.2 μg/m³,23.8 °C,0.443 ppm
2024-03-27 22:00:00,745 ppm,77.5 %H,17.8 μg/m³,17.3 μg/m³,24.0 °C,0.453 ppm
2024-03-27 23:00:00,718 ppm,77.5 %H,16.3 μg/m³,15.7 μg/m³,24.1 °C,0.383 ppm
2024-03-28 00:00:00,685 ppm,77.5 %H,17.8 μg/m³,17.7 μg/m³,24.2 °C,0.412 ppm
2024-03-28 01:00:00,661 ppm,77.5 %H,16.3 μg/m³,16 μg/m³,24.2 °C,0.420 ppm
2024-03-28 02:00:00,638 ppm,77.5 %H,16.2 μg/m³,15.8 μg/m³,24.3 °C,0.395 ppm
2024-03-28 03:00:00,619 ppm,77.5 %H,18.3 μg/m³,17.3 μg/m³,24.3 °C,0.372 ppm
2024-03-28 04:00:00,597 ppm,77.8 %H,16.8 μg/m³,16 μg/m³,24.4 °C,0.428 ppm
2024-03-28 05:00:00,583 ppm,78 %H,16.5 μg/m³,15.8 μg/m³,24.4 °C,0.388 ppm
2024-03-28 06:00:00,566 ppm,78 %H,16.8 μg/m³,16.5 μg/m³,24.4 °C,0.427 ppm
2024-03-28 07:00:00,569 ppm,78 %H,16.5 μg/m³,15.3 μg/m³,24.5 °C,0.335 ppm
2024-03-28 08:00:00,638 ppm,76.5 %H,15.3 μg/m³,14.8 μg/m³,23.7 °C,0.527 ppm
2024-03-28 09:00:00,659 ppm,77.8 %H,15.2 μg/m³,13.8 μg/m³,23.4 °C,0.407 ppm
2024-03-28 10:00:00,730 ppm,77.4 %H,15.8 μg/m³,15 μg/m³,23.2 °C,0.403 ppm
2024-03-28 11:00:00,955 ppm,76.5 %H,13.8 μg/m³,13.2 μg/m³,23.2 °C,0.633 ppm
2024-03-28 12:00:00,1110 ppm,75.9 %H,14 μg/m³,13.3 μg/m³,23.5 °C,0.757 ppm
2024-03-28 13:00:00,1084 ppm,75.4 %H,14.3 μg/m³,13.7 μg/m³,23.4 °C,0.738 ppm
2024-03-28 14:00:00,1008 ppm,75.8 %H,16.7 μg/m³,15.3 μg/m³,23.2 °C,0.648 ppm
2024-03-28 15:00:00,960 ppm,76.1 %H,13.7 μg/m³,13.5 μg/m³,23.1 °C,0.518 ppm
2024-03-28 16:00:00,936 ppm,76.7 %H,14.5 μg/m³,14.2 μg/m³,23.3 °C,0.453 ppm
2024-03-28 17:00:00,907 ppm,76.8 %H,14.5 μg/m³,14.2 μg/m³,23.3 °C,0.438 ppm
2024-03-28 18:00:00,829 ppm,77.5 %H,14 μg/m³,14 μg/m³,23.3 °C,0.367 ppm
2024-03-28 19:00:00,759 ppm,78.3 %H,14.3 μg/m³,13.8 μg/m³,23.3 °C,0.352 ppm
2024-03-28 20:00:00,718 ppm,78.2 %H,14.3 μg/m³,14.3 μg/m³,23.5 °C,0.310 ppm
2024-03-28 21:00:00,703 ppm,77.8 %H,14.8 μg/m³,14.2 μg/m³,23.9 °C,0.380 ppm
2024-03-28 22:00:00,688 ppm,77.5 %H,15.2 μg/m³,14.7 μg/m³,24.1 °C,0.418 ppm
2024-03-28 23:00:00,669 ppm,77.5 %H,15.2 μg/m³,14.3 μg/m³,24.2 °C,0.465 ppm
2024-03-29 00:00:00,651 ppm,77.5 %H,15.3 μg/m³,14.5 μg/m³,24.3 °C,0.455 ppm
2024-03-29 01:00:00,634 ppm,77.5 %H,15.7 μg/m³,15 μg/m³,24.3 °C,0.525 ppm
2024-03-29 02:00:00,616 ppm,77.5 %H,15.7 μg/m³,15.5 μg/m³,24.4 °C,0.473 ppm
2024-03-29 03:00:00,599 ppm,77.5 %H,14.2 μg/m³,13.7 μg/m³,24.5 °C,0.467 ppm
2024-03-29 04:00:00,585 ppm,77.5 %H,16.2 μg/m³,14.8 μg/m³,24.5 °C,0.498 ppm
2024-03-29 05:00:00,572 ppm,77.9 %H,13.7 μg/m³,13.3 μg/m³,24.6 °C,0.442 ppm
2024-03-29 06:00:00,558 ppm,78 %H,15.8 μg/m³,15 μg/m³,24.6 °C,0.513 ppm
2024-03-29 07:00:00,546 ppm,78 %H,14.7 μg/m³,14.3 μg/m³,24.6 °C,0.455 ppm
2024-03-29 08:00:00,526 ppm,75.3 %H,14.4 μg/m³,13.6 μg/m³,23.6 °C,0.492 ppm
2024-03-29 09:00:00,506 ppm,76.9 %H,14.2 μg/m³,14 μg/m³,23.2 °C,0.428 ppm
2024-03-29 10:00:00,482 ppm,77.8 %H,13.2 μg/m³,12.8 μg/m³,23.2 °C,0.363 ppm
2024-03-29 11:00:00,465 ppm,78.3 %H,13.3 μg/m³,13 μg/m³,23.2 °C,0.368 ppm
2024-03-29 12:00:00,460 ppm,78.6 %H,13.7 μg/m³,13.2 μg/m³,23.3 °C,0.447 ppm
2024-03-29 13:00:00,451 ppm,78.4 %H,13.2 μg/m³,12.8 μg/m³,23.3 °C,0.368 ppm
2024-03-29 14:00:00,445 ppm,78.1 %H,12.8 μg/m³,12.8 μg/m³,23.2 °C,0.348 ppm
2024-03-29 15:00:00,440 ppm,77.3 %H,12 μg/m³,12 μg/m³,23.1 °C,0.290 ppm
2024-03-29 16:00:00,443 ppm,76.8 %H,10.7 μg/m³,10.3 μg/m³,23.1 °C,0.285 ppm
2024-03-29 17:00:00,444 ppm,76.5 %H,9.33 μg/m³,9.17 μg/m³,23.3 °C,0.412 ppm
2024-03-29 18:00:00,445 ppm,76.5 %H,9.50 μg/m³,9.50 μg/m³,23.3 °C,0.412 ppm
2024-03-29 19:00:00,449 ppm,77.3 %H,9.17 μg/m³,9.17 μg/m³,23.3 °C,0.422 ppm
2024-03-29 20:00:00,448 ppm,77.5 %H,10.2 μg/m³,10 μg/m³,23.5 °C,0.428 ppm
2024-03-29 21:00:00,454 ppm,77.5 %H,10.3 μg/m³,10.2 μg/m³,23.9 °C,0.417 ppm
2024-03-29 22:00:00,452 ppm,77.5 %H,10.7 μg/m³,10.7 μg/m³,24.1 °C,0.445 ppm
2024-03-29 23:00:00,451 ppm,77.5 %H,9.17 μg/m³,9.17 μg/m³,24.2 °C,0.495 ppm
2024-03-30 00:00:00,451 ppm,77.5 %H,9.33 μg/m³,9.33 μg/m³,24.3 °C,0.495 ppm
2024-03-30 01:00:00,448 ppm,77.5 %H,10.5 μg/m³,9.67 μg/m³,24.4 °C,0.508 ppm
2024-03-30 02:00:00,449 ppm,77.5 %H,10.8 μg/m³,10.7 μg/m³,24.4 °C,0.527 ppm
2024-03-30 03:00:00,444 ppm,77.5 %H,10.2 μg/m³,9.67 μg/m³,24.5 °C,0.510 ppm
2024-03-30 04:00:00,439 ppm,77.5 %H,9.33 μg/m³,9.17 μg/m³,24.6 °C,0.562 ppm
2024-03-30 05:00:00,436 ppm,77.5 %H,10 μg/m³,9.50 μg/m³,24.6 °C,0.535 ppm
2024-03-30 06:00:00,432 ppm,77.7 %H,10.7 μg/m³,10.2 μg/m³,24.6 °C,0.535 ppm
2024-03-30 07:00:00,434 ppm,78 %H,8.67 μg/m³,8.67 μg/m³,24.6 °C,0.537 ppm
2024-03-30 08:00:00,431 ppm,75.8 %H,9 μg/m³,8.83 μg/m³,23.8 °C,0.660 ppm
2024-03-30 09:00:00,423 ppm,76.9 %H,9.67 μg/m³,9.50 μg/m³,23.3 °C,0.432 ppm
2024-03-30 10:00:00,424 ppm,78.2 %H,11.2 μg/m³,11.2 μg/m³,23.3 °C,0.442 ppm
2024-03-30 11:00:00,426 ppm,78.3 %H,12 μg/m³,11.5 μg/m³,23.3 °C,0.465 ppm
2024-03-30 12:00:00,429 ppm,78.2 %H,13 μg/m³,12.8 μg/m³,23.3 °C,0.442 ppm
2024-03-30 13:00:00,432 ppm,77.8 %H,13 μg/m³,12.2 μg/m³,23.3 °C,0.393 ppm
2024-03-30 14:00:00,439 ppm,77.6 %H,12.7 μg/m³,12.2 μg/m³,23.3 °C,0.367 ppm
2024-03-30 15:00:00,444 ppm,76.8 %H,13.8 μg/m³,12.3 μg/m³,23.2 °C,0.408 ppm
2024-03-30 16:00:00,449 ppm,77.6 %H,12.3 μg/m³,12 μg/m³,23.2 °C,0.442 ppm
2024-03-30 17:00:00,454 ppm,78.2 %H,11.7 μg/m³,11.3 μg/m³,23.2 °C,0.482 ppm
2024-03-30 18:00:00,455 ppm,78.8 %H,10 μg/m³,10 μg/m³,23.2 °C,0.423 ppm
2024-03-30 19:00:00,458 ppm,78.9 %H,10.2 μg/m³,9.67 μg/m³,23.1 °C,0.485 ppm
2024-03-30 20:00:00,454 ppm,79 %H,9.67 μg/m³,9.67 μg/m³,23.4 °C,0.350 ppm
2024-03-30 21:00:00,458 ppm,78.5 %H,10.7 μg/m³,10.3 μg/m³,23.9 °C,0.428 ppm
2024-03-30 22:00:00,459 ppm,78 %H,11.3 μg/m³,10.8 μg/m³,24.1 °C,0.468 ppm
2024-03-30 23:00:00,461 ppm,78 %H,12 μg/m³,10.8 μg/m³,24.2 °C,0.598 ppm
2024-03-31 00:00:00,467 ppm,78 %H,12 μg/m³,11.3 μg/m³,24.3 °C,0.560 ppm
2024-03-31 01:00:00,464 ppm,78 %H,11.5 μg/m³,11.2 μg/m³,24.4 °C,0.645 ppm
2024-03-31 02:00:00,458 ppm,78 %H,10.5 μg/m³,10.2 μg/m³,24.5 °C,0.642 ppm
2024-03-31 03:00:00,460 ppm,78 %H,11 μg/m³,10.3 μg/m³,24.5 °C,0.727 ppm
2024-03-31 04:00:00,459 ppm,78 %H,11 μg/m³,10.8 μg/m³,24.6 °C,0.782 ppm
2024-03-31 05:00:00,455 ppm,78 %H,12.2 μg/m³,11.5 μg/m³,24.6 °C,0.845 ppm
2024-03-31 06:00:00,449 ppm,78 %H,12.8 μg/m³,12.3 μg/m³,24.6 °C,0.865 ppm
2024-03-31 07:00:00,444 ppm,78 %H,13.8 μg/m³,12.5 μg/m³,24.7 °C,0.810 ppm
2024-03-31 08:00:00,447 ppm,78 %H,13.2 μg/m³,12.8 μg/m³,24.7 °C,0.837 ppm
2024-03-31 09:00:00,440 ppm,78 %H,13.2 μg/m³,12.3 μg/m³,24.8 °C,0.903 ppm
2024-03-31 10:00:00,436 ppm,78 %H,13.7 μg/m³,13.2 μg/m³,24.9 °C,0.688 ppm
2024-03-31 11:00:00,431 ppm,78 %H,14.5 μg/m³,14 μg/m³,25.0 °C,0.673 ppm
2024-03-31 12:00:00,429 ppm,78 %H,15.8 μg/m³,15.2 μg/m³,25.1 °C,0.663 ppm
2024-03-31 13:00:00,434 ppm,77.5 %H,16.5 μg/m³,15.3 μg/m³,25.3 °C,0.652 ppm
2024-03-31 14:00:00,435 ppm,77.5 %H,16.3 μg/m³,15.7 μg/m³,25.4 °C,0.603 ppm
2024-03-31 15:00:00,432 ppm,77.5 %H,16 μg/m³,16 μg/m³,25.4 °C,0.638 ppm
2024-03-31 16:00:00,437 ppm,77.5 %H,18 μg/m³,17.7 μg/m³,25.4 °C,0.632 ppm
2024-03-31 17:00:00,442 ppm,77.5 %H,19.3 μg/m³,18.3 μg/m³,25.6 °C,0.552 ppm
2024-03-31 18:00:00,449 ppm,77.5 %H,17.2 μg/m³,16.8 μg/m³,25.8 °C,0.495 ppm
2024-03-31 19:00:00,453 ppm,77.5 %H,18.7 μg/m³,17.5 μg/m³,25.8 °C,0.530 ppm
2024-03-31 20:00:00,452 ppm,77.5 %H,17.3 μg/m³,16.7 μg/m³,25.7 °C,0.472 ppm
2024-03-31 21:00:00,458 ppm,77.8 %H,17.5 μg/m³,16.8 μg/m³,25.6 °C,0.447 ppm
2024-03-31 22:00:00,462 ppm,78 %H,17.8 μg/m³,17.7 μg/m³,25.5 °C,0.503 ppm
2024-03-31 23:00:00,463 ppm,78 %H,16.2 μg/m³,16 μg/m³,25.5 °C,0.513 ppm
2024-04-01 00:00:00,461 ppm,78.5 %H,18.2 μg/m³,17.2 μg/m³,25.4 °C,0.513 ppm
2024-04-01 01:00:00,461 ppm,78.5 %H,17.2 μg/m³,16.8 μg/m³,25.4 °C,0.568 ppm
2024-04-01 02:00:00,464 ppm,78.5 %H,19.3 μg/m³,18.7 μg/m³,25.4 °C,0.608 ppm
2024-04-01 03:00:00,461 ppm,78.5 %H,17.8 μg/m³,17.3 μg/m³,25.4 °C,0.630 ppm
2024-04-01 04:00:00,454 ppm,78.5 %H,18.7 μg/m³,17.8 μg/m³,25.4 °C,0.717 ppm
2024-04-01 05:00:00,455 ppm,78.5 %H,17.8 μg/m³,17.3 μg/m³,25.4 °C,0.665 ppm
2024-04-01 06:00:00,453 ppm,78.5 %H,17.8 μg/m³,17.5 μg/m³,25.4 °C,0.650 ppm
2024-04-01 07:00:00,457 ppm,78.5 %H,17.3 μg/m³,16.8 μg/m³,25.4 °C,0.690 ppm
2024-04-01 08:00:00,522 ppm,74.3 %H,17 μg/m³,16.3 μg/m³,24.3 °C,0.957 ppm
2024-04-01 09:00:00,538 ppm,73.6 %H,18.2 μg/m³,16.7 μg/m³,23.4 °C,0.668 ppm
2024-04-01 10:00:00,599 ppm,74.8 %H,16.8 μg/m³,16.5 μg/m³,23.4 °C,0.702 ppm
2024-04-01 11:00:00,695 ppm,74.9 %H,14.5 μg/m³,14.3 μg/m³,23.4 °C,0.577 ppm
2024-04-01 12:00:00,779 ppm,74.7 %H,12.8 μg/m³,12.2 μg/m³,23.3 °C,0.535 ppm
2024-04-01 13:00:00,796 ppm,74.8 %H,11.2 μg/m³,11 μg/m³,23.3 °C,0.402 ppm
2024-04-01 14:00:00,762 ppm,75.2 %H,12 μg/m³,11 μg/m³,23.2 °C,0.377 ppm
